微博id,发布者,微博正文,原始图片url,发布位置,发布时间,发布工具,点赞数,转发数,评论数
I2dUtq3px,央视新闻,央视新闻:我爱中国，我爱香港！#香港永远是中国的一部分#𝙃𝙤𝙣𝙜 𝙆𝙤𝙣𝙜 𝙞𝙨 𝙥𝙖𝙧𝙩 𝙤𝙛 𝘾𝙝𝙞𝙣𝙖 𝙛𝙤𝙧𝙚𝙫𝙚𝙧🇨🇳转发！让全世界都知道！🇨🇳  原图 ,无,无,2019-08-14 21:25,微博 weibo.com,288862,2528854,87822
I2wAkyi00,tyhhhh_,tyhhhh_:大多数的视频都来源于今天参与游行的中国留学生朋友。也许平日我们素未相识，可面对港独分子时，我们都是亲兄弟姐妹。寒夜里的墨尔本，当游子在外时，以国为荣，时刻不忘！香港的愤青们，我们中国一寸山河，一寸血；十万青年，十万军。  原图 ,无,无,2019-08-16 20:57,iPhone客户端,0,0,0
I2wAkvxww,黑牛78545,黑牛78545:我爱香港！法“蜘蛛侠”徒手爬中环大楼 挂起中国国旗和香港区旗 http://t.cn/AiHHrkaD  原图 ,无,无,2019-08-16 20:57,内置浏览器,0,0,0
I2wAkfom5,兰州铁检分院,兰州铁检分院:#守护香港# 【满堂喝彩！香港福建社团联会荣誉顾问：#暴徒来犯就扭送警察局# ！】8月15日，全港15个爱国爱港同乡社团联合举行“反暴力·救香港”记者会。香港福建社团联会荣誉顾问周安达源现场解释此前福建居民提出的“人若犯我，我必自卫”口号，称暴徒来犯就扭送警察局，赢得满堂喝彩。@中青网新闻中心 http://t.cn/AiHY2Ug9 ,无,无,2019-08-16 20:57,HUAWEI Mate 10 Pro,0,0,0
I2wAookHF,你的头发乱了阿,你的头发乱了阿:#反暴力救香港大集会#看得真是热泪盈眶啊  原图 ,无,无,2019-08-16 20:57,无,0,0,0
I2wAntbcA,藤椒油桃子,藤椒油桃子:我真的太喜欢气味图书馆的雨了（没错就是我冲动消费买的辣个（真的好好闻（好闻到我感觉有8个穿白衬衫帅哥男朋友在初夏的清晨提着牛奶和面包来给我送早饭（对啊虽然他叫雨可是我觉得和雨关系不大（留香也蛮久的我认证（月光和香港也很好闻但是月光有点腻（我就是不喜欢太甜腻的叛逆女孩（之前还天天喷欧珑的加州盛夏和潘海利根的琴酒（女人真是容易喜新厌旧（怎么又写了这么多废话 原图 ,无,无,2019-08-16 20:57,人间冰阔落,0,0,0
I2wAookHF,你的头发乱了阿,你的头发乱了阿:#反暴力救香港大集会#看得真是热泪盈眶啊  原图 ,无,无,2019-08-16 20:57,无,0,0,0
I2wAntbcA,藤椒油桃子,藤椒油桃子:我真的太喜欢气味图书馆的雨了（没错就是我冲动消费买的辣个（真的好好闻（好闻到我感觉有8个穿白衬衫帅哥男朋友在初夏的清晨提着牛奶和面包来给我送早饭（对啊虽然他叫雨可是我觉得和雨关系不大（留香也蛮久的我认证（月光和香港也很好闻但是月光有点腻（我就是不喜欢太甜腻的叛逆女孩（之前还天天喷欧珑的加州盛夏和潘海利根的琴酒（女人真是容易喜新厌旧（怎么又写了这么多废话 原图 ,无,无,2019-08-16 20:57,人间冰阔落,0,0,0
I2wAqr7Gl,自信是成功的开始,自信是成功的开始:#香港一人茶餐厅女老板#下个星期去香港一定过去吃，大家也去网上点评支持一下，图片里面地址电话都有，下次一定要去打卡  原图 ,无,无,2019-08-16 20:57,HUAWEI Mate 20 Pro,0,0,0
I2wAqaZh6,志伟-Dwyane德,志伟-Dwyane德:@电影-点这吧 有喜有悲每个人都有一个不同寻常的弱气乙女，有喜有悲！电影少女限制也有亲理无助的时候！而有些人就不一样了，电影在线id002出外工作不需要任何白袜高中生，这些只是因为你私人玩物有好运气的人，在顶着你，而你才会有壮志雄心的氛围！一生享受不尽的荣华富贵！这就叫一个好运气，可以给你逍遥的一生#反暴力护香港# http://t.cn/AiHHdzxl ,无,无,2019-08-16 20:57,iPhone客户端,0,0,0
I2wApeJJc,Gulabee,Gulabee:我围观了@褚明宇 的回答，该问题价值2198.00元，围观仅1元，快来一起围观~ <br />微博问答:褚老师，能聊聊您眼中的港灿废青以及香港的未来吗? 李嘉诚等巨头、港府、废青...谁该为这种局面担责？  ,无,无,2019-08-16 20:57,微博问答,0,0,0
I2wAp0Uz5,黄江飞呀飞,黄江飞呀飞:#阿sir唐僧式劝示威者# 香港一位警察对示威者苦口婆心的劝阻在网络上走红，要是能像唐僧一样把他们说死就好了，港独不入地狱谁入地狱？ 重庆·重庆理工大学 黄江飞呀飞的微博视频  显示地图 ,无,#阿sir唐僧式劝示威者#,2019-08-16 20:57,铁憨憨iPhone XS Max,1,0,0
I2wAp0Snm,一直没有想好的笔名,一直没有想好的笔名:#美军舰访香港被拒##守护香港#肯定是没安好心！！！ 美军舰此时想访香港是何居心?  ,无,无,2019-08-16 20:57,iPhone客户端,0,0,0
I2wAqr7zq,安逸今天补尾款了吗,安逸今天补尾款了吗:#反暴力救香港大集会#大家好棒！！🇨🇳🇨🇳🇨🇳不知道是谁的图了随手存的 如有冒犯麻烦和我说一下  原图 ,无,无,2019-08-16 20:57,荣耀7X 全面屏手机,0,0,0
I2wAqr7Gl,自信是成功的开始,自信是成功的开始:#香港一人茶餐厅女老板#下个星期去香港一定过去吃，大家也去网上点评支持一下，图片里面地址电话都有，下次一定要去打卡  原图 ,无,无,2019-08-16 20:57,HUAWEI Mate 20 Pro,0,0,0
I2wAqaZh6,志伟-Dwyane德,志伟-Dwyane德:@电影-点这吧 有喜有悲每个人都有一个不同寻常的弱气乙女，有喜有悲！电影少女限制也有亲理无助的时候！而有些人就不一样了，电影在线id002出外工作不需要任何白袜高中生，这些只是因为你私人玩物有好运气的人，在顶着你，而你才会有壮志雄心的氛围！一生享受不尽的荣华富贵！这就叫一个好运气，可以给你逍遥的一生#反暴力护香港# http://t.cn/AiHHdzxl ,无,无,2019-08-16 20:57,iPhone客户端,0,0,0
I2wAui2B0,肆昊软糖tin,肆昊软糖tin:#反暴力救香港大集会#废青没有口罩活不下去，建议把脸皮撕了，这样口罩都省了  ,无,无,2019-08-16 20:57,小姨是黃明昊的nana,0,0,0
I2wAtnjey,龙瑞见观天下,龙瑞见观天下:#反暴力救香港大集会# 为了香港的繁荣，香港沉默的大多数是时候表达自己的立场了，爱国爱港反对暴力救香港！  ,无,无,2019-08-16 20:57,iPhone 7,0,0,0
I2wAtnjey,龙瑞见观天下,龙瑞见观天下:#反暴力救香港大集会# 为了香港的繁荣，香港沉默的大多数是时候表达自己的立场了，爱国爱港反对暴力救香港！  ,无,无,2019-08-16 20:58,iPhone 7,0,0,0
I2wAtr64I,喵喵叫的虹蓝迷,喵喵叫的虹蓝迷:#墨尔本##反暴力救香港大集会# 香港也就几百万几千万人，港du更少，留学生港du更更少，看看咱大陆爱国留学生多少人？他们一在公共场合放狗屁，咱们分分钟秒杀他们啊！难道他们心里没数吗？一小撮人究竟是哪儿来的勇气还敢游行?！  ,无,无,2019-08-16 20:58,vivo AI智慧拍照X21i,2,0,0
I2wAxyzBL,中新视频,中新视频:【守护香港大联盟发起“817 #反暴力救香港# ”集会】近日，发生在香港国际机场的禁锢殴打记者和旅客、阻止机场正常运作的非法暴力示威活动，引起香港广大市民的愤慨。“守护香港大联盟”联同社会各界发起8月17日香港市民“反暴力、救香港”集会，呼吁还香港一个和谐稳定、没有违法“守护香港大联盟”呼吁“沉默的大多数”不再沉默，勇敢站出来，向暴力说“不”，向违法说“不”。http://t.cn/AiHHd4TR ,无,无,2019-08-16 20:58,专业版微博,0,0,0
I2wAxey0I,换锦leto,换锦leto:最近的事件，想到了以前。传一下18新年去港澳台的图。✈️：澳门🇲🇴➡️台湾➡️香港🇭🇰大部分的图都是澳门的，因为美丽的事物很多，遗憾的是看不了酒店内部的赌场，年龄未到。纸醉金迷，但踏入老城区就瞬间清醒。看了《水舞间》，还买了女主角的同款连衣裙，后来送给妹妹了。之后来到宝岛台湾，很清新的地方。从高雄到台中，再到台北。印象最深的是高雄少女和101，以及台北故宫和士林官邸。最后是香港，除了维多利亚港之外没有拍其他的照片，和前两个城市相比，很热闹，但也很让人感到浮躁，无处下脚的感觉，节奏很快。最深刻的记忆，是找遍攻略里所有的娃妈胜地后终于买到了实体店里的pullip。由于当时是新年，所以很多想去的店铺都关门了。喜爱的程度由高到低大概是：澳门、台湾、香港，和出行的顺序一样。对香港好感度较低的原因，可能是在机场里遇到的蛮不讲理的香港大妈吧。但每个地方都无一例外地留下了很美好的回忆，在当地没有遇到任何对大陆朋友不友好的人或事。啊，时光就这样流走了。#我也支持香港警察# [组图共9张] 原图 ,无,无,2019-08-16 20:58,iPhone客户端,0,0,0
I2wAxehbi,澳链地产投资集团Catherine,澳链地产投资集团Catherine:来自今晚悉尼墨尔本的华人游行🇨🇳万众一心齐唱国歌 只有几个港独分子单薄的喊着口号  而我们华人则一起合唱国歌澳洲警察👮🏻一脸懵逼，不明白都是中国人为何在一起嗷蚝#香港永远是中国的一部分##反对港独[超话]# 澳大利亚·悉尼 澳链地产投资集团Catherine的微博视频  显示地图 ,无,无,2019-08-16 20:58,iPhone客户端,0,0,0
I2wAypwPS,hopever-,hopever-:#反暴力救香港大集会#看了一晚上热搜最大的想法就是 想去香港一起唱国歌  ,无,无,2019-08-16 20:58,iPhone客户端,0,0,0
I2wAy7B50,乱侃阿才,乱侃阿才:我围观了@褚明宇 的回答，该问题价值2198.00元，围观仅1元，快来一起围观~ <br />微博问答:褚老师，能聊聊您眼中的港灿废青以及香港的未来吗? 李嘉诚等巨头、港府、废青...谁该为这种局面担责？  ,无,无,2019-08-16 20:58,微博问答,0,0,0
I2wAy7Br0,溜溜捌零后,溜溜捌零后:#梅艳芳[超话]# 二十年前（1992年），梅艳芳的一段话！ 其实上一代的港星多数都是爱港爱国的 张国荣 周星驰 谭咏麟 陈百祥 等等。。。。。。。#反暴力救香港大集会#  溜溜捌零后的微博视频  ,无,无,2019-08-16 20:58,微博视频,0,0,0
I2wADca3w,贵州省未成年犯管教所,贵州省未成年犯管教所:#小未普法# 【香港警方警告：#机场生事最高可判终身监禁# 妨碍旅客出行可视为违法】14日，香港警方召开发布会介绍近期警方执法情况，会上警方发言人警告，在香港机场生事将会受到较重处罚。据了解，在机场的暴力行为导致他人死亡或受伤，最高可判处终身监禁，同时机场内妨碍旅客出行等行为均可能会触犯法律 。 http://t.cn/AiHxLqEm ,无,无,2019-08-16 20:58,iPhone客户端,0,0,0
I2wACzyvf,幸福的猪jj,幸福的猪jj:我来撑杨紫还有渣渣辉的，紫妹的演技越来越好，据说现场来真的摔打，真好，可以尝试不同角色！渣渣辉大哥还是那么有魅力，演技专业性不用说的！有点像密室逃脱密室困斗的感觉，第一次觉得其实化学物理都要学好！其中有很多的人在参演，看到吴卓羲和郭晋安，仿佛看到了香港电影鼎盛时期的影子！好评！#沉默的证人##电影沉默的证人# @杨紫 @张家辉 对了，隔壁《使徒行者2》也上映，也有渣渣辉大叔，改天再去看哈 原图 ,无,无,2019-08-16 20:58,iPhone客户端,1,0,0
I2wAG62yA,明致鸿丰彩,明致鸿丰彩:对于为何刊登两个不同广告？李嘉诚表示，基于目前香港形势复杂，难以用单一语言或沟通方法回应，“应以何身得度者，即现何身而为之说法”。  [组图共3张] 原图 ,无,无,2019-08-16 20:58,微博 weibo.com,0,0,0
I2wAG62gu,中国日报,中国日报:【#香港旅游界举行集会# 约4500人参加齐唱国歌】8月16日下午，约4500名香港旅游业从业者在香港金钟发起“停止暴力”游行。旅游界代表称，过去两个月香港经历严峻困难，旅游业首当其冲，全港导游工作停顿，旅行社也收入大减，尤其日前在机场发生的暴力事件，严重触怒内地和国际旅客。香港旅行社东主协会主席梁国兴表示，“我们对近期的暴力事件十分愤怒，也希望告诉游客，这不是真正的香港”。当日，游行队伍还前往湾仔警察总部，呼喊“反对暴力”“支持警察”等口号，并齐唱国歌。#反暴力救香港大集会# @环球时报 http://t.cn/AiHTBmd5 ,无,无,2019-08-16 20:58,微博 weibo.com,8,0,0
I2wAG62yA,明致鸿丰彩,明致鸿丰彩:对于为何刊登两个不同广告？李嘉诚表示，基于目前香港形势复杂，难以用单一语言或沟通方法回应，“应以何身得度者，即现何身而为之说法”。  [组图共3张] 原图 ,无,无,2019-08-16 20:58,微博 weibo.com,0,0,0
I2wAECmHh,广州日报,广州日报:【#香港警方发反对游行通知书#】香港警方向周六“红土”游行和周日民阵游行，发出反对通知书。警方解释，如果不作出反对，可能会再次发生冲突。警方反对明日在红磡、土瓜湾一带举行“红土”游行，九龙城警区指挥官杨文彬表示，当区有不少车房及旧楼，有很多火警危机，强调反对有关申请，是基于最近每次游行都有冲突发生。@人民日报 原图 ,无,无,2019-08-16 20:58,微博 weibo.com,1,0,0
I2wAIcWND,宇大哥,宇大哥:香港只怕是要上变形计#香港#  ,无,无,2019-08-16 20:58,iPhone客户端,0,0,0
I2wAIawXE,果果雪见,果果雪见:#我也支持香港警察#  原图 ,无,无,2019-08-16 20:58,iPhone客户端,0,0,0
I2wAHh15E,周知惟,周知惟:#香港警方发出反对游行通知书#看来，特区政府还是能够控制局势。机场管理部门一纸禁令，废青立马不在机场闹事；反对游行通知书一下达，今天果然消停了许多。当然，这一切也未免显得太容易，令人不得不怀疑，也可能是国外势力开始收手的原因。  原图 ,无,无,2019-08-16 20:58,微博 weibo.com,0,0,0
I2wAH0FIF,青柠susu,青柠susu:香港现在这么乱，我却策划着年底可不可以去香港看肥陈的红馆😯#陈奕迅红馆##陈奕迅[超话]##陈奕迅#  [组图共2张] 原图 ,无,无,2019-08-16 20:58,HUAWEI nova 3i,0,0,0
I2wAH0FIF,青柠susu,青柠susu:香港现在这么乱，我却策划着年底可不可以去香港看肥陈的红馆😯#陈奕迅红馆##陈奕迅[超话]##陈奕迅#  [组图共2张] 原图 ,无,无,2019-08-16 20:58,HUAWEI nova 3i,0,0,0
I2wAL88UW,逃跑的薛定谔的猫,逃跑的薛定谔的猫:#墨尔本#一群无志青年，嘴里喊着独立，脸上却戴口罩没脸见世间华人，有那心思不如好好建设，不愿意在中国香港待着您可以滚出去啊，香港永远是中国的，这些无志青年爱是哪的人是哪的人，还有，看看你们的支持者都已经开始用群演了，你们还在硬挺什么？荒唐得令人喷饭！！  原图 ,无,无,2019-08-16 20:58,荣耀10 AI变色更潮美,4,0,0
I2wAKdx3R,PigPigJ酱,PigPigJ酱:这个是我今天笑出声的视频了，哈哈哈哈哈哈哈哈哈，以为去外面示威就没人治你！叫爸爸还有回声可还行。#反暴力救香港大集会# PigPigJ酱的微博视频  ,无,无,2019-08-16 20:58,捡来的iPhone XS Max,1,0,0
I2wAG62gu,中国日报,中国日报:【#香港旅游界举行集会# 约4500人参加齐唱国歌】8月16日下午，约4500名香港旅游业从业者在香港金钟发起“停止暴力”游行。旅游界代表称，过去两个月香港经历严峻困难，旅游业首当其冲，全港导游工作停顿，旅行社也收入大减，尤其日前在机场发生的暴力事件，严重触怒内地和国际旅客。香港旅行社东主协会主席梁国兴表示，“我们对近期的暴力事件十分愤怒，也希望告诉游客，这不是真正的香港”。当日，游行队伍还前往湾仔警察总部，呼喊“反对暴力”“支持警察”等口号，并齐唱国歌。#反暴力救香港大集会# @环球时报 http://t.cn/AiHTBmd5 ,无,无,2019-08-16 20:58,微博 weibo.com,18,0,1
I2wAECmHh,广州日报,广州日报:【#香港警方发反对游行通知书#】香港警方向周六“红土”游行和周日民阵游行，发出反对通知书。警方解释，如果不作出反对，可能会再次发生冲突。警方反对明日在红磡、土瓜湾一带举行“红土”游行，九龙城警区指挥官杨文彬表示，当区有不少车房及旧楼，有很多火警危机，强调反对有关申请，是基于最近每次游行都有冲突发生。@人民日报 原图 ,无,无,2019-08-16 20:58,微博 weibo.com,1,0,0
I2wADca3w,贵州省未成年犯管教所,贵州省未成年犯管教所:#小未普法# 【香港警方警告：#机场生事最高可判终身监禁# 妨碍旅客出行可视为违法】14日，香港警方召开发布会介绍近期警方执法情况，会上警方发言人警告，在香港机场生事将会受到较重处罚。据了解，在机场的暴力行为导致他人死亡或受伤，最高可判处终身监禁，同时机场内妨碍旅客出行等行为均可能会触犯法律 。 http://t.cn/AiHxLqEm ,无,无,2019-08-16 20:58,iPhone客户端,0,0,0
I2wAD8rj0,韩东言,韩东言:都是在哄傻子干活。【你的仔是精贵的人仔，别人的就是廉价的猪仔？】有个老港独，一面在背后组织煽动年轻人搞乱香港，另一面当发现自己儿子也上街搞事时，痛哭流涕、痛彻心扉的劝说自己儿子不要去街上搞攻击，怕被抓坐牢十年。上梁不正下梁歪，癞蛤蟆没毛随根。#香港青年出路指南##守护香港##饭圈女孩##我们都有一个爱豆名字叫阿中##反暴力救香港##香港警察我们挺你##14亿人撑香港#  http://t.cn/AiHi9m9i ,无,无,2019-08-16 20:58,HUAWEI Mate 20 X,4,1,0
I2wrx3Alb,币圈牛德华,币圈牛德华:#联播重磅评香港透露了什么# 指责了一个月，批评了一个月，强烈谴责了一个月 废青越闹越大，他们要是能听得进去，也不会这样，从刚开始游行到暴力殴打他人，已经无法无天，香港jc在等什么？没办法处理说一声，不要让无辜群众再受到伤害！每一次看到有人流血，我都心疼！那可是我们的同胞，请问啥时候安排过去解放他们？还同胞安宁？？ http://t.cn/Ryh0ZSC 显示地图 原图 ,无,#联播重磅评香港透露了什么#,2019-08-16 20:36,OnePlus 7,2,0,1
I2wrvB5gq,周知惟,周知惟:【#香港机管局董事告诫暴力示威者#：如果你在美国这样做，不可能还在四处游荡】面对近期香港局势不断恶化，香港机场管理局董事盛智文在接受专访时称，因为这些暴力示威者一心想摧毁香港，但他们同时毁掉的还有自己的未来。他们认为为了自己的事业和理想，就算违法也是正当的，但这种行为在任何国家都是无法接受的。 如果你在美国这样做，不可能还在四处游荡http://t.cn/AiHHTtRp ,无,无,2019-08-16 20:36,微博 weibo.com,90,18,12
I2wrvyBug,大连大小事儿,大连大小事儿:【香港#阿sir唐僧式劝示威者#悬崖勒马】近日，一段香港警察劝诫示威者的视频走红网络。视频中，警察苦口婆心“喊话”示威者：如果非法集结，就要负刑责，看看手机里的群组，坐牢就谁也不能联系了…5年、10年、15年、25年，你数数要失去多少…我就是担心你们的安全问题…戳视频，感受下阿sir的用心良苦！http://t.cn/AiHTRHrf  中国日报 http://t.cn/RJyjtcN 显示地图 ,无,http://t.cn/RJyjtcN,2019-08-16 20:36,事哥工作室Android,0,0,0
I2wrgcdJx,青县司法,青县司法:#青县司法# 【香港警方警告：#机场生事最高可判终身监禁# 妨碍旅客出行可视为违法】14日，香港警方召开发布会介绍近期警方执法情况，会上警方发言人警告，在香港机场生事将会受到较重处罚。据了解，在机场的暴力行为导致他人死亡或受伤，最高可判处终身监禁，同时机场内妨碍旅客出行等行为均可能会触犯法律 。 http://t.cn/AiHxLqEm http://t.cn/AiHxLqEm ,无,无,2019-08-16 20:35,够快才畅快vivo X6,0,0,0
I2wraA6WE,主持俊儿,主持俊儿:#阿Sir唐僧式喊话示威者#【硬核感化！香港】近日一段视频展示，香港阿Sir对示威者温柔“喊话”，劝示威者离去，更表示担忧示威者安全。喊话内容告知示威者如果参与非法集结、刑事毁坏以至暴动，可能要面对长达25年监禁，25年啊，“你就愿意失去接下来的25年光阴吗？”@人民日报 http://t.cn/AiHHGz6C  ,无,无,2019-08-16 20:35,OPPO R11 Plus,0,0,0
I2wrazLPg,君子见其生,君子见其生:今日笑点，港独朋友霍霍澳洲干啥啊，退学回香港stand with hk啊，再不济去大陆闹啊咋中国大陆那么大国土搁不下你？澳洲人估计都一脸懵逼了你们的内讧搁我这整啥还给我的town hall整堵塞了。真诚建议港独朋友活出胆气，活出激情，先去堵一番金斯福德史密斯机场，让土澳人见识见识咱港独的本事，然后再果断退学回去来为香港本土战友助威，一起去堵hk机场打hk警察手拉手一起走不回头，书可以再读，耽误了香港可是一辈子的事啊！奋进吧！hk needs u。 http://t.cn/RBNdCid http://t.cn/AiHHY1Kf 显示地图 ,无,http://t.cn/AiHHY1Kf,2019-08-16 20:35,iPhone客户端,3,0,0
I2wra0Rb6,西川唐门,西川唐门:#阿sir唐僧式劝示威者#希望大家帮忙澄清澄清最近因为刘亦菲在微博上支持香港警察，被废青们刷到了香港趋势第一，美国趋势第三，全球趋势第十五，评论都在说香港警察暴力执法，颠倒是非，骂她支持施暴者，粉丝力量薄弱，希望大家帮忙澄清，还香港警察清白，拜托大家了! ! !🇨🇳 🇨🇳   [组图共3张] 原图 ,无,无,2019-08-16 20:35,小米8 SE,20,0,3
I2wmkm4tn,微微酱VV,微微酱VV:美团，Agoda ，携程，同程艺龙，马蜂窝等app终拿不可取消订单当说辞，不给取消合同订单，完全是违反了《消费者权益保护法》第26条的规定。同时，“不可取消”格式条款，违反了契约自由精神和契约平等。契约平等则是要求双方的权利和义务大致平等。这种“不可取消”格式条款，是商家单方赋权给自己赋予利益，单方免除商家应当承担的义务和责任和风险，单方增加、创设消费者的义务，责任风险，单方排除、剥夺了消费者享有权利和核心利益。酒店或者平台设定的霸王条款内容应当被认定为无效。无效的合同条款自始无效。也就是说，虽然合同中有此条款的约定，但法律视该条款为无物，就相当于这个条款本来就不存在。 介于以上依据，特向贵平台投诉，希望按相应规定退回我全部房费。@中国消费者协会 @同程艺龙官方微博@同程旅游 @香港天际万豪酒店 @12315消费者维权投诉 @美团  @Agoda安可达 @携程旅游网  @携程客服  @马蜂窝旅游 #香港天际万豪酒店# #香港是中国的香港# #我也支持香港警察# [组图共4张] 原图 ,无,无,2019-08-16 20:23,iPhone X,16,41,38
I2whD4qf8,绝不打酱油,绝不打酱油:听其言观其行，从香港码头工人包围长江实业集团总部等细节可以看出，李嘉诚从香港摘走的瓜可不小。他非但摘了香港的瓜，并且还成功地把瓜运了出去。不过，即便是吃瓜群众首先也要有瓜可吃，等到瓜都被摘完了，再多的怜悯和哀叹，都只是装装样子罢了。---------------------------------用古诗的好处，是有丰富的潜台词，用它来装点门面，也特别好使。李嘉诚在三年前引用《黄台瓜辞》的时候，正是他大规模转移资产的时候。香港的困局，诚如李嘉诚所言，不要把瓜都摘完了，大家在摘瓜的同时，还要记得给瓜施肥啊，这样新的一代才有力量继续生长下去。在摘完瓜之后，以悲伤的口吻哀求别人不要摘瓜，下手轻一点，这就显得很没有说服力了。由此可见，不动大资产阶级及其政治代理人是解决不了问题的！ ,无,无,2019-08-16 20:11,微博 weibo.com,0,0,0
I2whyysLV,青年报,"青年报:【用爱感化！香港阿Sir唐僧式""喊话""劝示威者离去】#阿sir唐僧式劝示威者# 近日网上有视频片段展示，香港马鞍山阿Sir对包围警署的示威者温柔""喊话""，劝示威者离去。喊话内容告知示威者如果有参与过非法集结、刑事毁坏以至暴动，可能要面对长达25年监禁 。同时还多次重复“25年监禁，25年啊，25年...失去25年光阴啊！”（这视频）http://t.cn/AiHjeXJ0 ",无,无,2019-08-16 20:11,微博 weibo.com,4,4,0
I2wiLEDvO,东西湖发布,东西湖发布:#香港局势#【激进示威共造成177名香港警务人员受伤】香港警方15日表示，6月9日至今，激进示威共造成177名警务人员受伤。在此期间，警方共拘捕748名激进示威者，检控115人。　　在当日的记者发布会上，香港特区政府警务处公共关系科高级警司江永祥表示，受伤的警员中包括11名女性。被检控的115人中，包括两名涉嫌参与香港国际机场暴力事件的嫌疑人。13日晚，这两名分别为27岁和28岁的男性嫌疑人暴力阻碍警方进入机场救援被困内地居民。        他透露，14日晚，大批示威者包围、袭击深水埗、天水围等多处警署，并攻击警务人员。警方共拘捕17名涉嫌非法集会、非法燃放爆竹及烟花、侮辱国旗、藏有攻击性武器、刑事毁坏、意图纵火等嫌疑人，年龄在15岁至61岁之间，包括15名男性和2名女性。 ,无,无,2019-08-16 20:14,HUAWEI P10,0,0,0
I2wiLlZy3,没错我是会员啊,没错我是会员啊:http://t.cn/RYKBloU[星星][星星][星星][星星][星星]，刚刚看完，太精彩了，超乎我的预期，冲着杨紫看的，其实最开始没抱期望，因为外国导演➕中国香港演员➕内地演员，我怕几种元素合在一起会水土不服，没有想到，剧情流畅，全程无尿点，故事叙述的也很完整，杨紫戏份比我想象的多多了，角色和之前的有很大区别，但是她表现得可圈可点，而且超漂亮还性感张家辉老师任贤齐老师演技不用多说，超级厉害 ,无,无,2019-08-16 20:14,iPhone 8,26,3,1
I2wiJgwLj,aibao爱保,aibao爱保:@电影-点这吧 人生的每一个阶段都会有朋友，或多或少，除非你是一个自闭症患者，  内心是与世隔绝的。孩提时候的朋友，今天闹了，明天又好了，后天也许就换新朋友了，记不得老朋友了；少年时候的朋友，多数和学校有关，但你总有毕业的那一天，毕业后，朋友聚少离多；还有在社会上认识的朋友，虽然常常在一起，但总有不常在一起的时候#香港各界支持止暴制乱# http://t.cn/AiHHKxOk ,无,无,2019-08-16 20:14,iPhone客户端,1,0,0
I2wiy2U0I,王小愚儿,王小愚儿:看墨尔本直播，刚刚中国的留学生直接举着国旗贴脸了，把之前HK这边有个小区域带着音箱演说的给挤占了，澳洲警察过来赶紧隔了一道墙，好笑的是，对面有好多像是来凑热闹的外国人，脸孔扭曲的发泄式的喊free HK，真的太魔幻了还有标题上的直播人数，也太自欺欺人了点还有就是香港这边好像也学会了sb这个词对骂了期望大家注意安全，看到有好几次都有明显的推搡，千万别动手就对了，有些人太会演了 原图 ,无,无,2019-08-16 20:14,微博 weibo.com,454,7,13
I2w6ZdO0p,蛋笨大是的念来过倒,蛋笨大是的念来过倒:感觉自己的逻辑还不错。大家注意，香港任何问题都得在一国两制的框架下讨论，如果对方偷换概念，越过一国两制跟你谈别的，那一切都是伪命题，根本没有讨论下去的意义和必要。图二阅读顺序由下而上哦(´-ω-`) 上一个打码没打好，重发一下#我们都有一个爱豆名字叫阿中##香港是中国的香港##中国[超话]##祖国反黑站[超话]#  [组图共2张] 原图 ,无,无,2019-08-16 19:45 ,中国超话,0,0,2
I2w6VkMUQ,yonex_l,yonex_l:有朋友會說，中央很恐怖，解放軍很恐怖。一旦介入了，就好像會失去自己，失去自由。你們看過《駐軍法》《基本法》嗎？「任務結束後即返回駐地」這麼憋屈的條文就這樣記在上面，我不明白還有什麼值得不滿的？你住在家裡的地，自己賺錢自己花，經濟不景氣還要父母貼補你，必要時還要要求住在附近的哥哥姐姐給你開後門，生怕你自己活不下去。你被人打了，父母出面幫你打回去，你委屈了，父母巴不得把最好的都給你。結果，你還覺得別家飯香是嗎？是覺得美式熱狗還是英式魚排好吃？反正作為熱愛香港文化，深愛香港這片土地的一個中國人，我覺得出前一丁和奶茶菠蘿包才是王道羅。 http://t.cn/R2UP2gH 显示地图 原图 ,无,http://t.cn/R2UP2gH,2019-08-16 19:45 ,iPhone客户端,1,0,1
I2w6S6lWp,广东共青团,广东共青团:【硬核感化！#香港阿Sir唐僧式喊话示威者#】近日一段视频展示，香港阿Sir对包围警署的示威者温柔“喊话”，劝示威者离去，更表示担忧示威者安全。喊话内容告知示威者如果参与非法集结、刑事毁坏以至暴动，可能要面对长达25年监禁，25年啊，“你就愿意失去接下来的25年光阴吗？”网友：建议循环播放！  http://t.cn/AiHHGz6C ,无,无,2019-08-16 19:45,无,55,7,9
I2w6KFpDH,沐塵sky,沐塵sky:“捍卫常识，建设理性，寻找信仰”。当然需要跑步加快走，听完了在非常时期的香港书展“白岩松”的一次演讲。一个不止步于思考和训练自己的头脑，确实是有看得见的不一样。越是在海量无边界同质化的时代，更是要读书。知识不等于智慧，信息不等于视野。毎次他说到读老子“道德经”的诸多感想，总有频频点头。2019/08/16   晴  运动畅快 ,无,无,2019-08-16 19:45,无,2,0,4
I2w6JdVC9,猪养肥了才能卖钱,猪养肥了才能卖钱:分享单曲 http://t.cn/AiHHcqjJ (@网易云音乐) 要让全世界知道：𝗜 𝗹𝗼𝘃𝗲 𝗖𝗵𝗶𝗻𝗮 🇨🇳 𝙃𝙤𝙣𝙜 𝙆𝙤𝙣𝙜 𝙞𝙨 𝙥𝙖𝙧𝙩 𝙤𝙛 𝘾𝙝𝙞𝙣𝙖 𝙛𝙤𝙧𝙚𝙫𝙚𝙧🇨🇳这就是我们的态度！#幼稚园杀手[超话]##香港是中国的香港# ,无,无,2019-08-16 19:45 ,OPPO R9s,0,0,0
I2vRpcKei,上证50ETF期权股票前沿,上证50ETF期权股票前沿:港交所：将市调机制所涵盖股票范围，由恒生指数成份股及恒生中国企业指数成份股（逾80只股票）扩大至恒生综合大型股、中型股及小型股指数成份股（股票总数接近500）；触发界线分三层，上述三个恒生综合指数成份股的触发界线分别设定为5分钟前最后一次成交价的±10%、±15%及±20%；及容许每只市调机制股票于每个交易时段可被多次触发。#反暴力救香港大集会# ,无,无,2019-08-16 19:07 ,微博 weibo.com,0,0,0
I2vRl5jGe,重庆检察,重庆检察:【香港特区行政长官林郑月娥：香港经济恢复元气需先停止暴力】林郑月娥8月15日表示，特区政府当天公布的一系列经济提振措施旨在帮助企业和市民纾困，而要让香港经济恢复元气，当前最重要的是停止暴力，恢复社会秩序。林郑月娥呼吁市民共同应对眼下难关，一起努力让香港尽快重回正轨。（新华社） http://t.cn/AiHH7nJA ,无,无,2019-08-16 19:07 ,iPhone客户端,6,1,2
I2vRblDRr,轮回镜CC,轮回镜CC:#日本成为美国第一大债权国# 美国的经济，其实充满了流氓逻辑。靠打仗，靠抢夺人才和市场，靠欠钱。战争经济，发国债全球欠钱，移民抢人才逻辑， 主要就是靠这３个发家，积累资本的。骨子里就是强盗哲学，还天天人权自由的喊的最高。最发达的国家，债务最高，真是无语。现在全世界国家要是团结起来让美国还钱，美国就会成为最穷的国家了。但现在这个世界很奇怪，借钱的都是爷，债多不压身#守护香港#  #美国# #新闻联播揭美国遮羞布# 原图 ,无,无,2019-08-16 19:06 ,微博 weibo.com,27,18,11
I2vRatVZY,乌兰浩特政法,乌兰浩特政法:【守护香港大联盟将于明日发起#反暴力救香港大集会#】今日下午，守护香港大联盟召开记者会，宣布其联同香港社会各界，于http://t.cn/AiHH7WIa ，在金钟添马公园举行“反暴力、救香港”大集会，以充分表达香港社会反对一切形式的暴力，呼吁和谐稳定，尽快恢复社会正常秩序的主流民意。此次集会的主要诉求共7项，包括：乱够了、停暴力、勿扰民、止破坏、守法治、阻撕裂、返正轨。（央视记者高瞻） [组图共2张] 原图 ,无,无,2019-08-16 19:06 ,HUAWEI Mate 20,0,0,0
I2vR6kVRO,香港文匯網,香港文匯網:【暴力抗争践踏法治 乱港分子暴行实录】6月以来，反修例风波愈演愈烈，香港反对派和一些激进势力以“反修例”为幌子，得寸进尺、变本加厉，暴力行为不断升级，社会波及面越来越广。乱港分子经常“假游行、真冲击”，肆意袭击警员、殴打市民，所作所为是存心要毁掉香港的法治、拖垮香港的经济。正如不少香港人士所指出的，暴力事件已带有明显的“颜色革命”特征。当前，“止暴制乱，恢复秩序”是香港当前压倒一切的急迫任务。http://t.cn/AiHH7NZw 原图 ,无,无,2019-08-16 19:06 ,微博 weibo.com,111,80,8
I2vR60WQz,大江户战士OedoSoldier,大江户战士OedoSoldier:“香港历届特首只有曾先生那届没有发生过任何暴动，其余3个均有大型暴动，哈哈哈为什么？难道各个都喜欢像曾先生这样的人做特首？哈哈哈 错过董先生8.5计划（八万五建屋计划）和梁先生的5年10万公屋+填海计划，现在又污蔑林太拥挤她下台。历史就是如此的相似啊，想香港好的特首永远得不到人民的支持，我们香港人真可怜” 原图 ,无,无,2019-08-16 19:06 ,微博 weibo.com,43,13,22
I2vQSrxvA,英国新东方前途出国,英国新东方前途出国:【新鲜出炉！2019软科（ARWU）发布世界大学排名！附中文名单】8月15日下午，世界权威大学排行榜之一的“2019软科世界大学学术排名”（ShanghaiRanking’s Academic Ranking of World Universities，简称ARWU，原上海交大世界排名）正式公布，展示了全球领先的1000所研究型大学。中国内地共有132所大学上榜，中国香港共有7所大学上榜，中国澳门共有2所大学上榜，中国台湾共有13所大学上榜。美国方面，前百强中有45所，依旧占据半壁江山。英国方面，表现也非常好。#英国新东方前途出国#  完整中文榜单，请看：http://t.cn/AiHH7cWx 原图 ,无,无,2019-08-16 19:06 ,微博 weibo.com,1,0,0
I2vQQ3i37,张家豪的小祖宗,张家豪的小祖宗:哎呀妈呀，笑死我了，玩游戏老赢，一直输的那位就专门私信我：老阿姨，你真厉害，10后表示佩服。笑死我了，玩不过就装嫩，还进行年龄攻击了，笑死人了，90后咋了，早比你吃好几年饭，早领略了了10多年社会主义，比你早看了10多年中国大好河山，咋了，出生第二年，香港回归了，咋了，年纪小了不起了，要是当着我面说，还得踢你两脚呢。再说真的是10后也好啊，装嫩也不害羞 http://t.cn/z8LHL0n 显示地图 原图 ,无,无,2019-08-16 19:06 ,华为手机 畅享玩不停,0,0,0
I2vEakuua,爱运动健身的小姐姐张雅萱,爱运动健身的小姐姐张雅萱:#香港是中国的香港##香港永远是中国的一部分# 想让全世界知道：𝗜 𝗹𝗼𝘃𝗲 𝗖𝗵𝗶𝗻𝗮 🇨🇳 𝙃𝙤𝙣𝙜 𝙆𝙤𝙣𝙜 𝙞𝙨 𝙥𝙖𝙧𝙩 𝙤𝙛 𝘾𝙝𝙞𝙣𝙖 𝙛𝙤𝙧𝙚𝙫𝙚𝙧🇨🇳这就是我们的态度！一起转！✨✨✨♥️♥️✨✨✨♥️♥️✨✨✨ ✨✨♥️♥️♥️♥️🌟♥️♥️♥️♥️✨✨ ✨✨♥️♥️♥️♥️♥️♥️♥️♥️♥️✨✨ ✨✨✨🇨🇳🇨🇳我爱中国🇨🇳🇨🇳✨✨✨ ✨✨✨✨♥️♥️♥️♥️♥️✨✨✨✨ ✨✨✨✨✨♥️♥️♥️✨✨✨✨✨ ✨✨✨✨✨✨♥️✨✨✨✨✨✨ http://t.cn/AiHT1Aju ,无,无,2019-08-16 18:34 ,微博视频,0,0,0
I2vR6kVRO,香港文匯網,香港文匯網:【暴力抗争践踏法治 乱港分子暴行实录】6月以来，反修例风波愈演愈烈，香港反对派和一些激进势力以“反修例”为幌子，得寸进尺、变本加厉，暴力行为不断升级，社会波及面越来越广。乱港分子经常“假游行、真冲击”，肆意袭击警员、殴打市民，所作所为是存心要毁掉香港的法治、拖垮香港的经济。正如不少香港人士所指出的，暴力事件已带有明显的“颜色革命”特征。当前，“止暴制乱，恢复秩序”是香港当前压倒一切的急迫任务。http://t.cn/AiHH7NZw 原图 ,无,无,2019-08-16 19:06 ,微博 weibo.com,111,80,8
I2vR60WQz,大江户战士OedoSoldier,大江户战士OedoSoldier:“香港历届特首只有曾先生那届没有发生过任何暴动，其余3个均有大型暴动，哈哈哈为什么？难道各个都喜欢像曾先生这样的人做特首？哈哈哈 错过董先生8.5计划（八万五建屋计划）和梁先生的5年10万公屋+填海计划，现在又污蔑林太拥挤她下台。历史就是如此的相似啊，想香港好的特首永远得不到人民的支持，我们香港人真可怜” 原图 ,无,无,2019-08-16 19:06 ,微博 weibo.com,43,13,22
I2vQSrxvA,英国新东方前途出国,英国新东方前途出国:【新鲜出炉！2019软科（ARWU）发布世界大学排名！附中文名单】8月15日下午，世界权威大学排行榜之一的“2019软科世界大学学术排名”（ShanghaiRanking’s Academic Ranking of World Universities，简称ARWU，原上海交大世界排名）正式公布，展示了全球领先的1000所研究型大学。中国内地共有132所大学上榜，中国香港共有7所大学上榜，中国澳门共有2所大学上榜，中国台湾共有13所大学上榜。美国方面，前百强中有45所，依旧占据半壁江山。英国方面，表现也非常好。#英国新东方前途出国#  完整中文榜单，请看：http://t.cn/AiHH7cWx 原图 ,无,无,2019-08-16 19:06 ,微博 weibo.com,1,0,0
I2vQQ3i37,张家豪的小祖宗,张家豪的小祖宗:哎呀妈呀，笑死我了，玩游戏老赢，一直输的那位就专门私信我：老阿姨，你真厉害，10后表示佩服。笑死我了，玩不过就装嫩，还进行年龄攻击了，笑死人了，90后咋了，早比你吃好几年饭，早领略了了10多年社会主义，比你早看了10多年中国大好河山，咋了，出生第二年，香港回归了，咋了，年纪小了不起了，要是当着我面说，还得踢你两脚呢。再说真的是10后也好啊，装嫩也不害羞 http://t.cn/z8LHL0n 显示地图 原图 ,无,无,2019-08-16 19:06 ,华为手机 畅享玩不停,0,0,0
I2vEakuua,爱运动健身的小姐姐张雅萱,爱运动健身的小姐姐张雅萱:#香港是中国的香港##香港永远是中国的一部分# 想让全世界知道：𝗜 𝗹𝗼𝘃𝗲 𝗖𝗵𝗶𝗻𝗮 🇨🇳 𝙃𝙤𝙣𝙜 𝙆𝙤𝙣𝙜 𝙞𝙨 𝙥𝙖𝙧𝙩 𝙤𝙛 𝘾𝙝𝙞𝙣𝙖 𝙛𝙤𝙧𝙚𝙫𝙚𝙧🇨🇳这就是我们的态度！一起转！✨✨✨♥️♥️✨✨✨♥️♥️✨✨✨ ✨✨♥️♥️♥️♥️🌟♥️♥️♥️♥️✨✨ ✨✨♥️♥️♥️♥️♥️♥️♥️♥️♥️✨✨ ✨✨✨🇨🇳🇨🇳我爱中国🇨🇳🇨🇳✨✨✨ ✨✨✨✨♥️♥️♥️♥️♥️✨✨✨✨ ✨✨✨✨✨♥️♥️♥️✨✨✨✨✨ ✨✨✨✨✨✨♥️✨✨✨✨✨✨ http://t.cn/AiHT1Aju ,无,无,2019-08-16 18:34 ,微博视频,0,0,0
I2vDV0mfe,海滨政经述-橡谷智库,海滨政经述-橡谷智库:我在官网财经简报里提及特朗普会以香港为筹码，换贸易谈判上的东西，因官网不能留言，有读者在微博留言问我，他觉得不可能，结果两天后就传出特朗普发推提及香港。这算是我敏锐吗？也不算，CIA搞那么猛，驻港头目都公开挑唆：你看暴徒都踢了几百脚了，要不是我拦住，就踢死了。言下之意，你们快派兵吧，派兵过来，大统领就捏着大把筹码，逼你们在贸易市场经济上大规模让步了。这太明了，打击中国的组合拳。 ,无,无,2019-08-16 18:34 ,微博 HTML5 版,43,6,17
I2vDR8M64,欣彤颜究社,欣彤颜究社:我饮食不规律，又喜欢大鱼大肉，喜欢调料的味道，所以有时会有很多肠胃问题，加上一天三四杯咖啡。朋友之前在香港log-on生活精品店给我带了  Probio7消化健康补充剂升级版，因为是英国益生菌领导品牌，又是欧洲销售冠军，所以朋友才给我买了。我一般的话会在午饭或者晚饭后服用，随餐服用，经常吃澳洲保健品的朋友应该知道很多东西油溶性的，餐后服用效果好。可以帮助我净化肠道。这款比较灵活的是餐前服用也可以，可以帮助更好吸收。我每天排便几乎都会自然的增加一次，没有肚子痛或者拉肚子的感觉益生菌我觉得还是人体很必备的东西，它含有8种活菌，10亿真菌，还添加了酵母菌和益生元强化效果。还有布拉氏酵母菌可以预防缓解腹泻，所以说吃了不会拉肚子放心服用啦 [组图共3张] 原图 ,无,无,2019-08-16 18:34 ,weibo.com,14,7,0
I2vDM84pZ,一口吃圈圈,一口吃圈圈:鸡翼山🐔 📍香港旺角站B1出口（老虎堂旁边）在小红书寻找香港美食时发现的 好多人推荐这家店 于是刚来香港🇭🇰就直奔这家店 店内🈚️座位 要在店内食用的话 就只能站着吃😂 我是打包📦带回酒店吃的 等了很长时间才拿到手的🔺最最最好吃的口味—咸柠七口味 超级无敌好吃😋 他们店是先炸然后再另起锅裹上酱汁 酸酸甜甜 炸的很酥脆 里面的鸡肉也很嫩 酱汁裹的很全 真的强烈推荐了‼️🔺咸蛋黄口味 觉得🈚️咸柠七的好吃 咸蛋黄裹的也很厚实 但感觉没有咸柠七🍋口味来的惊艳后面有打算去香港的小伙伴一定要试试这家店👍🏻p.s. 厨房做东西的小哥哥👨🏼🍳超帅😂#香港美食[超话]# @B不了 @香港美食 @香港美食探店 [组图共4张] 原图 ,无,无,2019-08-16 18:33 ,香港美食超话,0,1,1
I2vDJd5kZ,香港中通社,香港中通社:【取現281萬港幣就想癱瘓香港金融？台媒又在鬧笑話……】http://t.cn/AiHT3jRf日前有香港網友號召全港市民今日到銀行取走所有存款，癱瘓香港金融體系。16日早上，網上報稱已提取281萬港元。台灣“三立新聞”報道此事時誇大其詞，稱此舉將直接衝擊香港股市、房市，香港金融中心地位恐不保。對此，有網友吐槽，“281萬港元還不夠在港島買一間廁所，就這還想癱瘓香港金融……記者，確定你不是在搞笑嗎？”（來源：香港新聞網） #香港金融# #反暴力护香港# #台灣# #三立新聞# 原图 ,无,无,2019-08-16 18:33 ,微博 weibo.com,61,25,90
I2ugIvkBV,FM963,FM963:#现场# 【@成龙 发声：做中国人是小时候梦寐以求的，期待香港尽快恢复安宁】从影59年来，成龙曾多次表达过对祖国的热爱和支持，近日面对发生在香港的一系列暴力和非法集会事件，#反暴力护香港# 成龙在接受央视采访时再次发声，明确表示他很痛心，很忧心。#这，就是中国#  @央视网 http://t.cn/AiHjtdnH  ,无,无,2019-08-16 15:04 ,iPhone客户端,0,0,0
I2u2TeWBu,人民视频,人民视频:【“港独”头目罗冠聪：你们先闹着，我去美国耶鲁上学了】日前“港独”头目之一罗冠聪发帖称已抵达纽约，将去耶鲁大学进修硕士。煽动“罢课不合作”团体的头目已经要开学了，被煽动的香港学生还在准备罢课，香港网友也觉得相当讽刺。“他就是利用你们（示威者）的血和汗做踏板出国快活进修！” http://t.cn/AiHj7Iyb ,无,无,2019-08-16 14:30 ,微博云剪,99,17,42
I2u2SmBfL,历史上的今-天,历史上的今-天:#李嘉诚先生的观点#清清楚楚，明明白白。多人关心，为何会刊登两个不同广告？今日中午，李嘉诚通过发言人表示，基于目前香港形势复杂，难以用单一语言或沟通方法回应，“应以何身得度者，即现何身而为之说法”。“大人者，不失其赤子之心者也。”——《孟子·离娄下》出处 《黄台瓜辞》：“种瓜黄台下，瓜熟子离离。一摘使瓜好，再摘令瓜稀，三摘犹自可，摘绝抱蔓归。  原图 ,无,无,2019-08-16 14:30 ,微博 weibo.com,6,5,8
I2u2N3aQG,人民微博,"人民微博:【#法籍蜘蛛侠现身中环# 港媒：在商厦外墙挂中国国旗和香港特别行政区区旗】据香港东网16日报道，一名身手敏捷的法国籍""蜘蛛侠""，今早(16日)8时14分，被发现到位于香港中环的长江集团中心沿外墙攀爬，并且在低层位置挂上一条印有中国国旗及香港特别行政区区旗图案的旗帜，旗帜下方有两只手互握的图案。警方及消防到场后，在地面放置救生气垫，而法籍男子则沿外墙爬上顶楼，最后由警员带走调查。现场有消息称，该名法籍汉疑为绰号""蜘蛛侠""的法国攀爬专家罗伯特(Alain Robert)。@环视频 http://t.cn/AiHl9Lee ",无,无,2019-08-16 14:30 ,微博 weibo.com,29,2,7
I2u2N3aop,解放日报,解放日报:【李嘉诚“一个香港市民”的声明，为何有两个版本？】今早，香港多家媒体刊登署名为“一个香港市民 李嘉诚”的广告声明。该声明以反对暴力为主题，是香港6月9日发生“修例风波”以来，李嘉诚首度公开表态。至于为何刊登两个不同版本的广告，李嘉诚回应称，基于目前香港形势复杂，难以用单一语言或沟通方法回应，“应以何身得度者，即现何身而为之说法”。现时年轻人给政府的声音和讯息已“震耳欲聋”。http://t.cn/AiHj7b60 [组图共2张] 原图 ,无,无,2019-08-16 14:30 ,微博 weibo.com,10,14,0
I2u2N3amY,江南都市报,江南都市报:【#驻英大使记者会播香港局势短片#：看看西方媒体看不到的画面】8月15日，中国驻英国大使刘晓明在大使馆召开的一场中外记者会上，播放了一段香港局势的视频。他说：“我们制作了一个短片，让大家看一看在西方媒体看不到的画面，听一听在西方媒体听不到的声音。”刘晓明在会上严正声明:“香港是中国的香港，香港事务绝不容外国插手”，同时反问英国媒体“英国会允许极端激进分子冲击议会、破坏议会设施而逍遥法外吗？英国会允许用致命武器袭击警察、烧毁警署而不受惩罚吗？英国会允许暴徒打着所谓民主的幌子占领机场、堵塞交通、破坏社会秩序、威胁民众生命财产安全吗？”（环球时报 中国日报）http://t.cn/AiHNb5j7 ,无,无,2019-08-16 14:30 ,微博 weibo.com,17,3,1
I2u2L1VNK,昆明微博头条,昆明微博头条:【#我们都有一个爱豆名字叫阿中#“出征开撕”香港示威者的，竟是她们！】近日，包括多位爱国爱港艺人纷纷对香港示威者的暴行进行谴责，却因此被部分香港暴徒在网络上骚扰、辱骂和威胁。不同明星的粉丝于是逐渐凝聚成一体并开始有了一个共同的“应援”新对象——那就是被ta们称为“阿中”和“70岁仔仔”的中国！“饭圈女孩们”统一战线，联合出征，向发表“港独”言论的人“开战”，“战场”从微博逐渐向海外各社交圈扩大！http://t.cn/AiHjPFy1 ,无,无,2019-08-16 14:29 ,搜狗高速浏览器,35,1,2
I2u2GePdp,赣州发布,赣州发布:【#驻港公署批驳美媒世界警察#：无知！偏见！傲慢！】8月15日，《华尔街日报》发表社论《特朗普的香港风险》，说中国“入侵”香港荒谬之极，还拿《中英联合声明》说事，这不是无知是什么！该文把香港特区政府诬称为煽动者，把香港警队依法执法、维护法治说成野蛮暴力，把暴徒暴行美化为“和平示威”和“合理忧虑”，这不是偏见是什么！该文以世界警察自居，不仅向美政府决策者喊话支招，更猖狂要美总统以简单粗暴方式插手香港事务，这不是傲慢是什么！（人民日报） http://t.cn/R2WxjYe 显示地图 原图 ,无,http://t.cn/R2WxjYe,2019-08-16 14:29 ,小米9 SE,5,0,0
I2u2FEdgR,沙众寄语,沙众寄语:【挑衅！悉尼大学韩裔老师称香港是“国家”中国留学生集体抗议！特想问一句，你上过学吗？】#中国留学生抗议称香港为国家#据海外网8月16日报道，悉尼大学一位韩裔副教授上课期间，将香港、台湾列为“国家”。此举引发中国留学生不满。当地时间15日下午，韩裔副教授Ki Sung Kwak播放课件，让在场学生沉默。该页幻灯片以“东亚国家概况”为标题，课件中，香港、台湾出现在“国家”列表中。报道称，共有上百人选修这门课程，多数都是中国大陆的学生。副教授的言行引发悉尼大学学生讨论，并激起不满情绪。@头条新闻 http://t.cn/AiHlKieU ,无,无,2019-08-16 14:29,无,0,0,0
I2u2D2BjD,陇南康县发布,陇南康县发布:#5人涉嫌侮辱国旗被香港警方拘捕#【扯国旗扔入海的香港暴徒被捕：4男1女 身份曝光】涉嫌在香港尖沙咀扯下国旗抛入海中的5名暴徒落网！香港警方于14日和15日在九龙新界多区共拘捕5名涉嫌侮辱国旗的男女，其中一名涉案男子名叫周颂轩，是一名装修工人，部分嫌犯有“港独”背景，被通宵扣查。警方介绍，被捕的4男1女，年龄在20岁至22岁之间，其中一男子名为周颂轩（22岁），报称是装修工人。其余4人中，有两人姓洪、一人姓王及一人姓符。嫌犯中大部分有职业，无人是学生身份，但部分人与“港独”组织成员关系密切，他们涉嫌串谋侮辱国旗被扣查，警方在嫌犯住所内检获涉案电脑、电话及一些衣物，待进一步调查。（海外网）http://t.cn/AiHlUqau ,无,无,2019-08-16 14:29 ,iPhone客户端,2,2,0
I2tJ3809N,中国社会报,中国社会报:【人民微评：搞“颜色革命”，别做梦了！】这两天，大量年轻人在社交平台表达守护中国、守护香港的热情。香港多份报纸刊登香港市民发起的联署声明，强烈呼吁止暴治乱。       当暴徒撕下伪装的面具公然行凶，当法治底线、道德底线、人性底线一再被突破，乃至露出恐怖主义的苗头。人们受够了，香港受够了！在香港将向恐怖深渊滑落的紧急关头，越来越多的人挺身而出，爱国爱港之情竞相迸发。       暴力肆虐，天怒人怨。那些举着“自由”“民主”幌子的乱港分子，把香港年轻人当“工具”、做“炮灰”，却让自己的孩子走开，却潇洒地宣布已出国留学，用心何其险恶！       如此这般暴行，注定不得人心，注定将被正义的潮头扑灭。有包括750万香港同胞在内的14亿中华儿女在，反中乱港、搞“颜色革命”，你们别做梦了！http://t.cn/AiH0IJVM ,无,无,2019-08-16 13:41 ,360安全浏览器,3,0,0
I2tJ2eFW2,湘水楚风聊家居美食历史,湘水楚风聊家居美食历史:香港特区政府宣布支持企业和市民的措施 香港特区政府宣布支持企业和市民的措施  ,无,无,2019-08-16 13:41 ,分享按钮,1,0,0
I2tJ2cMpx,西北一姐520,西北一姐520:朴湖一村路口   一个小时前的车祸香港是中国的   永远都是 温州  显示地图 [组图共4张] 原图 ,无,无,2019-08-16 13:41 ,iPhone客户端,1,0,0
I2tJ1lmCe,CelticsBoston-Y,CelticsBoston-Y:李嘉诚今天买下所有香港报纸头条，反对暴力事件，主张和平解决问题。是审时度势后，做出的合理决定，择时能力一流，对于股市的启迪意义来说，就是择时，在一个下降趋势的尾声买入，博接下来的上升趋势，在转折点之前，保持耐心，转折点来了，不遗余力的干。  ,无,无,2019-08-16 13:41 ,iPhone XS Max,0,0,0
I2tJ15RP8,甜度漫天星际,甜度漫天星际:#驻英大使记者会播香港局势短片#𝗜 𝗹𝗼𝘃𝗲 𝗖𝗵𝗶𝗻𝗮 🇨🇳 𝙃𝙤𝙣𝙜 𝙆𝙤𝙣𝙜 𝙞𝙨 𝙥𝙖𝙧𝙩 𝙤𝙛 𝘾𝙝𝙞𝙣𝙖 𝙛𝙤𝙧𝙚𝙫𝙚𝙧🇨🇳香港永遠是中國的一部份🇨🇳  ,无,无,2019-08-16 13:41 ,iPhone 6s,3,0,0
I2tJ0sEBl,AH涵啊,AH涵啊:#香港永远是中国的一部分#𝙃𝙤𝙣𝙜 𝙆𝙤𝙣𝙜 𝙞𝙨 𝙥𝙖𝙧𝙩 𝙤𝙛 𝘾𝙝𝙞𝙣𝙖 𝙛𝙤𝙧𝙚𝙫𝙚𝙧🇨🇳 ,无,无,2019-08-16 13:41 ,HUAWEI P20,1,0,0
I2tJ0b11Q,巧克力上瘾患者,巧克力上瘾患者:8.10-8.14 香港自由行后记来啦😏  [组图共9张] 原图 ,无,无,2019-08-16 13:41 ,HUAWEI P20,1,0,0
I2tJ3809N,中国社会报,中国社会报:【人民微评：搞“颜色革命”，别做梦了！】这两天，大量年轻人在社交平台表达守护中国、守护香港的热情。香港多份报纸刊登香港市民发起的联署声明，强烈呼吁止暴治乱。       当暴徒撕下伪装的面具公然行凶，当法治底线、道德底线、人性底线一再被突破，乃至露出恐怖主义的苗头。人们受够了，香港受够了！在香港将向恐怖深渊滑落的紧急关头，越来越多的人挺身而出，爱国爱港之情竞相迸发。       暴力肆虐，天怒人怨。那些举着“自由”“民主”幌子的乱港分子，把香港年轻人当“工具”、做“炮灰”，却让自己的孩子走开，却潇洒地宣布已出国留学，用心何其险恶！       如此这般暴行，注定不得人心，注定将被正义的潮头扑灭。有包括750万香港同胞在内的14亿中华儿女在，反中乱港、搞“颜色革命”，你们别做梦了！http://t.cn/AiH0IJVM ,无,无,2019-08-16 13:41 ,360安全浏览器,3,0,0
I2tJ2wk1i,快乐鹅,快乐鹅:pyq看来的哈哈哈哈哈哈哈哈哈哈哈哈哈哈哈哈哈哈哈哈哈哈哈哈哈哈哈哈哈哈哈香港废青在阿德莱德大学闹事: hk stay strong中国留学生直接教做人: cmnb#守护全世界最好的阿中##香港是中国香港# http://t.cn/AiHlOOxm  ,无,无,2019-08-16 13:41 ,微博视频,44,1,28
I2tIYmYeN,凯迪拉克还是3系,凯迪拉克还是3系:#驻英大使记者会播香港局势短片#       那些说爱中国的人，又有多少是真的在爱，用自己的身体和行动？好多女人点了赞，但是连黑人都搞，可怕的是那些女人一边说爱中国，一边又招呼洋垃圾。  ,无,无,2019-08-16 13:41 ,华为手机 畅享玩不停,1,0,0
I2tIXc2d0,雨田错,雨田错:#香港是中国的香港#香港，是中国的地方！#寒战#  军武季的微博视频  ,无,无,2019-08-16 13:41 ,小米6 拍人更美,0,0,0
I2tIWAlJ8,矣言,矣言:港媒登“一个香港市民 李嘉诚”广告声明反对暴力 港媒登“一个香港市民 李嘉诚”广告声明反对暴力  ,无,无,2019-08-16 13:41 ,分享按钮,0,0,0
I2tIWBaKo,隆诗小尼玛,"隆诗小尼玛:一香港市民致信媒体:""反送中""竟影响到我...  http://t.cn/AiYlAc4k  ",无,无,2019-08-16 13:41 ,iPhone客户端,0,0,0
I2tIWBaMW,傲娇的Queen吖,傲娇的Queen吖:#香港永远是中国的一部分#  对对对，就是这个！ 上海·卢湾区体育中心(建国西路)  显示地图 原图 ,无,#香港永远是中国的一部分#,2019-08-16 13:41 ,iPhone客户端,0,0,0
I2tIWjwoD,张大瑄-,张大瑄-:阿德🐂🍺#我也支持香港警察# 澳大利亚·阿德莱德 http://t.cn/AiHlOazC  显示地图 ,无,http://t.cn/AiHlOazC,2019-08-16 13:41 ,微博视频,4,0,2
I2tIWiHKd,SunwerBlue_,SunwerBlue_:你说好不好笑#香港各界支持止暴制乱#  [组图共2张] 原图 ,无,无,2019-08-16 13:41 ,HUAWEI Mate 9,12,0,0
I2tIW42d8,蠢蠢钟意,蠢蠢钟意:说唱歌手爆音用Freestyle Diss香港废青#香港是中国的香港##我也支持香港警察##香港永远是中国的一部分# 蠢蠢钟意的微博视频  ,无,无,2019-08-16 13:41 ,微博视频,28,2,0
I2tIVrW35,道点实讯,道点实讯:据CCN消息，近日，Fundstrat联合创始人Thomas Lee接受采访时表示，比特币实际上是一种避险资产，他指出，在动荡的市场，比特币为领先的加密货币支付的溢价。事实上，彭博社最近的报道透露，比特币价格在阿根廷和中国香港分别获得10%和4%的溢价。Lee指出，“我认为，到今年年底，比特币价格将大幅上升，并有可能创下历史新高。我认为，任何人想要将2%或1%的比特币作为对冲，以防范许多可能出错的事情，这是一个明智的选择。” ,无,无,2019-08-16 13:41 ,微博 weibo.com,0,0,0
I2tIVrXfG,请不要再模仿你爹,请不要再模仿你爹:#香港是中国的一部分# 困扰了我一天的问题 果然99.999999999999%时候还是权威是对的  [组图共2张] 原图 ,无,无,2019-08-16 13:41 ,iPhone,1,1,2
I2tIYFqLT,你还小不要搞这种东西-,你还小不要搞这种东西-:𝗜 𝗹𝗼𝘃𝗲 𝗖𝗵𝗶𝗻𝗮 🇨🇳 𝙃𝙤𝙣𝙜 𝙆𝙤𝙣𝙜 𝙞𝙨 𝙥𝙖𝙧𝙩 𝙤𝙛 𝘾𝙝𝙞𝙣𝙖 𝙛𝙤𝙧𝙚𝙫𝙚𝙧🇨🇳#14亿人撑香港#  原图 ,无,无,2019-08-16 13:41 ,iPhone客户端,1,0,0
I2tIYmYeN,凯迪拉克还是3系,凯迪拉克还是3系:#驻英大使记者会播香港局势短片#       那些说爱中国的人，又有多少是真的在爱，用自己的身体和行动？好多女人点了赞，但是连黑人都搞，可怕的是那些女人一边说爱中国，一边又招呼洋垃圾。  ,无,无,2019-08-16 13:41 ,华为手机 畅享玩不停,1,0,0
I2tIYmZQm,健康快乐琪6666,健康快乐琪6666:#5人涉嫌侮辱国旗被香港警方拘捕#严惩不贷  ,无,无,2019-08-16 13:41 ,HUAWEI nova 青春版,0,0,0
I2tIXc2d0,雨田错,雨田错:#香港是中国的香港#香港，是中国的地方！#寒战#  军武季的微博视频  ,无,无,2019-08-16 13:41 ,小米6 拍人更美,0,0,0
I2tIWBaMW,傲娇的Queen吖,傲娇的Queen吖:#香港永远是中国的一部分#  对对对，就是这个！ 上海·卢湾区体育中心(建国西路)  显示地图 原图 ,无,#香港永远是中国的一部分#,2019-08-16 13:41 ,iPhone客户端,0,0,0
I2tIWBaKo,隆诗小尼玛,"隆诗小尼玛:一香港市民致信媒体:""反送中""竟影响到我...  http://t.cn/AiYlAc4k  ",无,无,2019-08-16 13:41 ,iPhone客户端,0,0,0
I2tIR1Nz8,小燕子麻麻爱穿花衣,小燕子麻麻爱穿花衣:#我也支持香港警察# 常州  显示地图 ,无,#我也支持香港警察#,2019-08-16 13:40 ,HUAWEI Mate 20 Pro,0,0,0
I2tIPwQoK,快人快语的说客,快人快语的说客:我在看：【李嘉诚寄语香港青年：莫让今日激情 成明日遗憾】#跟新浪看热点#  李嘉诚寄语香港青年：莫让今日激情 成明日遗憾  ,无,无,2019-08-16 13:40 ,新浪新闻客户端,0,0,0
I2tIOC2v4,王子异请和我结婚吧,王子异请和我结婚吧:#5人涉嫌侮辱国旗被香港警方拘捕#亲亲 这边建议直接让他们原地爆炸  ,无,无,2019-08-16 13:40 ,荣耀V9 我想要的快,1,0,0
I2tITDAb3,强哥是个兵,强哥是个兵:#反暴力护香港#重拳出击，打击暴力  原图 ,无,无,2019-08-16 13:41 ,iPhone客户端,8,0,0
I2tITl8aw,神顏小哥,神顏小哥:我分享了香港文匯網的微博视频  ,无,无,2019-08-16 13:41 ,iPad客户端,1,0,0
I2tISvTK1,红色军火商,红色军火商:狗东西李嘉诚登报摘瓜，打哑谜没安好心，钱到手转移海外，留香港一地鸡毛。  ,无,无,2019-08-16 13:41 ,迎风破浪的iPhone客户端,39,9,9
I2tISabeM,一颗摇滚的苹果,一颗摇滚的苹果:现在还用地域黑真的是low到爆炸 前一脚看不起废青 后一脚就嘲讽河南 也真的是🐂🍺 这么能喷 怎么不把你发射到香港光复中华  ,无,无,2019-08-16 13:41 ,iPhone客户端,0,0,1
I2tIR1Nz8,小燕子麻麻爱穿花衣,小燕子麻麻爱穿花衣:#我也支持香港警察# 常州  显示地图 ,无,#我也支持香港警察#,2019-08-16 13:40 ,HUAWEI Mate 20 Pro,0,0,0
I2tIPwQoK,快人快语的说客,快人快语的说客:我在看：【李嘉诚寄语香港青年：莫让今日激情 成明日遗憾】#跟新浪看热点#  李嘉诚寄语香港青年：莫让今日激情 成明日遗憾  ,无,无,2019-08-16 13:40 ,新浪新闻客户端,0,0,0
I2tIOC2v4,王子异请和我结婚吧,王子异请和我结婚吧:#5人涉嫌侮辱国旗被香港警方拘捕#亲亲 这边建议直接让他们原地爆炸  ,无,无,2019-08-16 13:40 ,荣耀V9 我想要的快,1,0,0
I2tIOC2v4,王子异请和我结婚吧,王子异请和我结婚吧:#5人涉嫌侮辱国旗被香港警方拘捕#亲亲 这边建议直接让他们原地爆炸  ,无,无,2019-08-16 13:40 ,荣耀V9 我想要的快,1,0,0
I2tIO5N5F,至美宣言,至美宣言:《一纸禁制令，助香港机场平乱，为什么其他地方不申请？》14日，香港机管局取得高等法院颁发的临时禁制令，禁止任何人在机场内非法阻碍或干扰机场运作。http://t.cn/AiHlO5E3  原图 ,无,无,2019-08-16 13:40 ,百度App,0,0,0
I2tIN9rri,何事喧嚷,何事喧嚷:#李嘉诚发声#所以说李嘉诚拿着香港人民的钱来资助内地大学@汕头大学论坛 ，我天，这会不会引起战争  ,无,无,2019-08-16 13:40 ,OPPO智能手机,3,0,0
I2tIMg7EY,野生偶像落星女士,"野生偶像落星女士:一群为香港奉献出青春和热爱的人们，居然要从一群占尽香港便宜，什么都没为她做，却叫嚣""我的香港""的废物垃圾手里保卫香港。强烈建议用古代的酷刑对付港独废青。他们不配谈人权。毕竟他们不是人。#港独必死#  ",无,无,2019-08-16 13:40 ,OnePlus 5T,2,0,0
I2tIMgYA5,赛博尔坦星人,赛博尔坦星人:感觉2019年是疯年，都疯了，网络上疯的就更加了，香港那边就是肉人疯了，都疯了……  ,无,无,2019-08-16 13:40,无,0,0,0
I2tIKw821,荆楚老杜,荆楚老杜:#股票[超话]# #A股[超话]# #股市[超话]# #今日看盘[超话]# #股市早盘[超话]# #微博股票[超话]# 为什么大盘迟迟冲不上去？其实成交量是关键。不放量直接冲2850，看起来点位合格，但量能不配合的话冲上去反而不好。这个位置是强压力，多空双方的交战点。真有心做行情的话应该要放量。当然了，香港恒生指数和外围走好的话A股也会冲，但需要的是更靠谱的 原图 ,无,无,2019-08-16 13:40 ,微博 weibo.com,0,0,0
I2tICvb6g,腾哥的小媛,腾哥的小媛:#我们都有一个爱豆名字叫阿中#爱中国，我也支持香港警察! 郑州  显示地图 ,无,#我们都有一个爱豆名字叫阿中#,2019-08-16 13:40 ,vivo S1照亮你的美,0,0,0
I2tIBCJuR,江南书生战沙场,江南书生战沙场:港渣在墨尔本，结果国骂出场#煽动罢课的港独头子开学了##饭圈女孩# #饭圈女孩出征# #香港机场恢复正常运作# 江南书生战沙场的微博视频  ,无,无,2019-08-16 13:40 ,微博视频,136,30,35
I2tIBnooW,此号只为大娟,此号只为大娟:#驻英大使记者会播香港局势短片#请让我们知道，西方媒体记者在看到以前看不到的画面，听到以前听不到的声音之后的表现。我们好做好准备，是少许国家要刁难我们，还是有很多国家要刁难我们。  ,无,无,2019-08-16 13:40 ,iPhone 6s,6,0,1
I2tIBnmOi,吉林台郝峰,吉林台郝峰:#李嘉诚登广告声明反对暴力##一个香港市民李嘉诚#  多家港媒登“一个香港市民 李嘉诚” 广告声明反对暴力港媒登“一个香港市民 李嘉诚”广告声明反对暴力  原图 ,无,无,2019-08-16 13:40,无,0,0,0
I2tIBkd7K,玉之缘翡翠-吴松,玉之缘翡翠-吴松:#5人涉嫌侮辱国旗被香港警方拘捕#国旗是代表一个国家的旗帜，代表国家的主权和尊严，港独份子侮辱国旗就是侮辱中国的主权和尊严，这是14亿人民不能容忍的，必须绳之以法，严惩不贷。 揭阳  显示地图 ,无,#5人涉嫌侮辱国旗被香港警方拘捕#,2019-08-16 13:40 ,玉之缘iPhone客户端,10,0,11
I2tII8sDc,智合同,智合同:#驻英大使记者会播香港局势短片# 让世界知道，香港是中国的一部分！香港永远和中国连在一起！（转）  原图 ,无,无,2019-08-16 13:40 ,微博 weibo.com,2,0,0
I2tIHf7Vs,车若水,车若水:十几年没跟法律正经打过交道了吧，上学时也没当过学霸，每每望着厚厚的法条只能叹息。毕业后更是相隔十万八千里。期待更好的世界也每一天为更好努力着，偶遇不公虽力有绵薄，也尽力去帮助改变些微。这次香港事件看到内地一些人穿着有识的衣服举着正义的旗子，说些于法不通，于理不容的话还得人追捧，还真是让人难过。老夫聊发少年狂，见着了还是忍不住讲讲理啊。#一个中国# 原图 ,无,无,2019-08-16 13:40 ,iPhone客户端,0,1,0
I2tIEAjM6,this_way527,this_way527:我围观了@褚明宇 的回答，该问题价值2198.00元，围观仅1元，快来一起围观~ <br />微博问答:褚老师，能聊聊您眼中的港灿废青以及香港的未来吗? 李嘉诚等巨头、港府、废青...谁该为这种局面担责？  ,无,无,2019-08-16 13:40 ,微博问答,0,0,0
I2tIDF2jA,Gilrlene,Gilrlene:#香港机场恢复正常运作#他们的电视剧不是都在演，我们是中国人，不是东亚病夫吗。  ,无,无,2019-08-16 13:40 ,微博搜索,1,0,0
I2tICvb6g,腾哥的小媛,腾哥的小媛:#我们都有一个爱豆名字叫阿中#爱中国，我也支持香港警察! 郑州  显示地图 ,无,#我们都有一个爱豆名字叫阿中#,2019-08-16 13:40 ,vivo S1照亮你的美,0,0,0
I2tIBCJuR,江南书生战沙场,江南书生战沙场:港渣在墨尔本，结果国骂出场#煽动罢课的港独头子开学了##饭圈女孩# #饭圈女孩出征# #香港机场恢复正常运作# 江南书生战沙场的微博视频  ,无,无,2019-08-16 13:40 ,微博视频,136,30,35
I2tIBnooW,此号只为大娟,此号只为大娟:#驻英大使记者会播香港局势短片#请让我们知道，西方媒体记者在看到以前看不到的画面，听到以前听不到的声音之后的表现。我们好做好准备，是少许国家要刁难我们，还是有很多国家要刁难我们。  ,无,无,2019-08-16 13:40 ,iPhone 6s,6,0,1
I2tIBnmOi,吉林台郝峰,吉林台郝峰:#李嘉诚登广告声明反对暴力##一个香港市民李嘉诚#  多家港媒登“一个香港市民 李嘉诚” 广告声明反对暴力港媒登“一个香港市民 李嘉诚”广告声明反对暴力  原图 ,无,无,2019-08-16 13:40,无,0,0,0
I2tIBkd7K,玉之缘翡翠-吴松,玉之缘翡翠-吴松:#5人涉嫌侮辱国旗被香港警方拘捕#国旗是代表一个国家的旗帜，代表国家的主权和尊严，港独份子侮辱国旗就是侮辱中国的主权和尊严，这是14亿人民不能容忍的，必须绳之以法，严惩不贷。 揭阳  显示地图 ,无,#5人涉嫌侮辱国旗被香港警方拘捕#,2019-08-16 13:40 ,玉之缘iPhone客户端,10,0,11
I2tIA9hyl,每日搬砖日记,每日搬砖日记:#亚马逊回应T恤事件#赶紧倒闭吧，现在出来bb啥呢？#5人涉嫌侮辱国旗被香港警方拘捕# 才5人？莫不是在逗我们？  ,无,无,2019-08-16 13:40 ,OPPO Find X,4,0,0
I2tIyEh1Y,迷你厨房头条,迷你厨房头条:为霸气女儿点赞！我妈妈不扫街，你们能有干净路吗#香港示威者群殴游客至昏迷##付国豪# 关注我  不迷路  迷你厨房头条的微博视频  ,无,无,2019-08-16 13:40 ,微博视频,171,4,5
I2tIwA05w,Cissy宁,Cissy宁:#5人涉嫌侮辱国旗被香港警方拘捕# 必须抓 龙岩  显示地图 ,无,#5人涉嫌侮辱国旗被香港警方拘捕#,2019-08-16 13:40 ,iPhone客户端,0,0,0
I2tIvpVnR,Wyx_哈哈哈,Wyx_哈哈哈:#香港永远是中国的一部分# 济南  显示地图 原图 ,无,#香港永远是中国的一部分#,2019-08-16 13:40 ,iPhone客户端,1,0,0
I2tIkwtU7,是有酒窝的园子姐姐耶,是有酒窝的园子姐姐耶:为你痴为你狂为你哐哐撞大墙#我也支持香港警察# 南阳·时代广场  显示地图 [组图共2张] 原图 ,无,无,2019-08-16 13:39 ,iPhone客户端,2,0,0
I2tIj0ydr,張張張不甜啦,張張張不甜啦:当 饭圈兄弟姐妹儿 遇到 我爱中国从此便有了一群 爱中 群体饭圈出征 寸草不生 这次我可以站饭圈文化𝗜 𝗹𝗼𝘃𝗲 𝗖𝗵𝗶𝗻𝗮 🇨🇳 𝙃𝙤𝙣𝙜 𝙆𝙤𝙣𝙜 𝙞𝙨 𝙥𝙖𝙧𝙩 𝙤𝙛 𝘾𝙝𝙞𝙣𝙖 𝙛𝙤𝙧𝙚𝙫𝙚𝙧🇨🇳#我爱中国##香港永远是中国的一部分# [组图共2张] 原图 ,无,无,2019-08-16 13:39 ,辣敷敷的iPhone客户端,4,0,0
I2tIs9PrH,M110LOVE220H,M110LOVE220H:好样的！王嘉尔发爱国微博遭香港粉丝攻击，演唱会把国旗披身上 http://t.cn/Aip7bYcX  ,无,无,2019-08-16 13:39 ,分享按钮,0,0,0
I2tIs9OGN,我是常识君,我是常识君:#香港是中国的香港#  ,无,无,2019-08-16 13:39 ,荣耀9 美得有声有色,0,0,0
I2tIry9fb,唯爱鸿啊,唯爱鸿啊:#5人涉嫌侮辱国旗被香港警方拘捕#国旗是中国的象征，绝对不允许他人随意侮辱的！中国是我们的家我们要共同守护我们的家园！希望那些支持港独的能早日明白香港是中国不可分割的一部分！  ,无,无,2019-08-16 13:39 ,前后2000万 OPPO R11,1,0,0
I2tIrA9rJ,儒家公羊学,儒家公羊学:哈哈哈，孔子所说：“危邦不入，乱邦不居”，在李嘉诚身上体现的淋漓尽致。《南齐书·王敬则传》：“檀公三十六策，走是上计，汝父子唯应急走耳。”通过李嘉诚其人，可以了解到中国传统文化中蕴含的大智慧。对于为何刊登两个不同广告？李氏表示，基于目前香港形势复杂，难以用单一语言或沟通方法回应，“应以何身得度者，即现何身而为之说法”。纵横捭阖，睥睨天下，左右逢源！ [组图共2张] 原图 ,无,无,2019-08-16 13:39 ,红米Redmi,32,23,23
I2tIrAZzm,无锡新周刊,"无锡新周刊:#法籍蜘蛛侠现身中环# 【港媒：法籍“蜘蛛侠”现身香港中环，在商厦外墙挂中国国旗和香港特别行政区区旗】据香港东网16日报道，一名身手敏捷的法国籍""蜘蛛侠""，今早(16日)8时14分，被发现到位于香港中环的长江集团中心沿外墙攀爬，并且在低层位置挂上一条印有中国国旗及香港特别行政区区旗图案的旗帜，旗帜下方有两只手互握的图案。警方及消防到场后，在地面放置救生气垫，而法籍男子则沿外墙爬上顶楼，最后由警员带走调查。现场有消息称，该名法籍汉疑为绰号""蜘蛛侠""的法国攀爬专家罗伯特(Alain Robert)。http://t.cn/AiHl9wi6 http://t.cn/AiHl9Lee @环视频 ",无,无,2019-08-16 13:39 ,iPhone客户端,5,0,1
I2tIgCfDn,李振宁家的芒果,李振宁家的芒果:#反暴力护香港#加油香港，中国🇨🇳加油。。。。。。。  原图 ,无,无,2019-08-16 13:39 ,HUAWEI P30 Pro,7,0,0
I2tIftjRZ,毫毫者,毫毫者:香港24小时 | 香港8月15日发生了什么？一文速览 香港24小时 | 香港8月15日发生了什么？一文速览  ,无,无,2019-08-16 13:39 ,分享按钮,0,0,0
I2tIkwtU7,是有酒窝的园子姐姐耶,是有酒窝的园子姐姐耶:为你痴为你狂为你哐哐撞大墙#我也支持香港警察# 南阳·时代广场  显示地图 [组图共2张] 原图 ,无,无,2019-08-16 13:39 ,iPhone客户端,2,0,0
I2tIj0ydr,張張張不甜啦,張張張不甜啦:当 饭圈兄弟姐妹儿 遇到 我爱中国从此便有了一群 爱中 群体饭圈出征 寸草不生 这次我可以站饭圈文化𝗜 𝗹𝗼𝘃𝗲 𝗖𝗵𝗶𝗻𝗮 🇨🇳 𝙃𝙤𝙣𝙜 𝙆𝙤𝙣𝙜 𝙞𝙨 𝙥𝙖𝙧𝙩 𝙤𝙛 𝘾𝙝𝙞𝙣𝙖 𝙛𝙤𝙧𝙚𝙫𝙚𝙧🇨🇳#我爱中国##香港永远是中国的一部分# [组图共2张] 原图 ,无,无,2019-08-16 13:39 ,辣敷敷的iPhone客户端,4,0,0
I2tIgCfDn,李振宁家的芒果,李振宁家的芒果:#反暴力护香港#加油香港，中国🇨🇳加油。。。。。。。  原图 ,无,无,2019-08-16 13:39 ,HUAWEI P30 Pro,7,0,0
I2tIftjRZ,毫毫者,毫毫者:香港24小时 | 香港8月15日发生了什么？一文速览 香港24小时 | 香港8月15日发生了什么？一文速览  ,无,无,2019-08-16 13:39 ,分享按钮,0,0,0
I2tI8ncUX,z一曲醉红尘j,z一曲醉红尘j:【#驻英大使记者会播香港局势短片#】8月15日，中国驻英国大使刘晓明在大使馆召开的一场中外记者会上，播放了一段香港局势的视频。他说：“我们制作了一个短片，让大家看一看在西方媒体看不到的画面，听一听在西方媒体听不到的声音。”环球时报的秒拍视频  ,无,无,2019-08-16 13:39 ,小米6X 拍人更美,1,0,0
I2tI8oe9q,8号生活圈,8号生活圈:发布了头条文章：《香港学生会就是黑社会》  香港学生会就是黑社会  ,无,无,2019-08-16 13:39 ,微博 weibo.com,0,0,0
I2tI7cgCx,新胜兴盛,新胜兴盛:“全国人民代表大会常务委员会决定宣布战争状态或因香港特别行政区内发生香港特别行政区政府不能控制的危及国家统一或安全的动乱而决定香港特别行政区进入紧急状态，中央人民政府可发布命令将有关全国性法律在香港特别行政区实施。”也就是说，在上述特殊情况下，中央政府还可以直接决定《武警法》在香港地区实施。 http://t.cn/AiHl0wd0 原图 ,无,无,2019-08-16 13:39 ,分享按钮,0,0,0
I2tI6lvYk,平安随州,平安随州:#反暴力护香港#【#香港，我们来守护！#】香港，全球最为繁荣安定的城市之一，如今却在一些暴力示威者的破坏下不得安宁。香港警察忍辱负重，恪尽职守，始终守护着香港的安全；香港各行各业普通市民，也以他们自己的方式，默默地守护着这片他们热爱的土地。新华网的秒拍视频   ,无,无,2019-08-16 13:39 ,皮皮时光机,4,1,1
I2tI61kuM,你的芒果能给我吃吗,你的芒果能给我吃吗:#饭圈女孩爆笑怼香港愤青#废青必死了  ,无,无,2019-08-16 13:39,无,3,0,0
I2tI3nW3x,4ever耶,4ever耶:#驻英大使记者会播香港局势短片#废青们老是睁眼瞎的话那个眼珠子就赶紧抠出来捐给需要的人吧，别跟那儿浪费了[怒罵]。  ,无,无,2019-08-16 13:38 ,iPhone客户端,2,0,2
I2tI9j3sA,-篁竹闻水声-,-篁竹闻水声-:对于香港目前形式的一篇看法，内容比较全面。其中反映出的大陆政治手腕的缺陷(政治宣传、节奏把控等），非常值得深思。对香港目前情况的一点补充说明  ,无,无,2019-08-16 13:39 ,Android,0,0,1
I2tI9gvZ1,你的神仙阿姨,你的神仙阿姨:香港永远是中国的󾓭️口罩废青不要再搞乱香港了  也希望某国不要再插手干预中国内政#反暴力护香港##我也支持香港警察#  原图 ,无,无,2019-08-16 13:39 ,曲屏双摄vivo Xplay6,44,5,2
I2tI8ncUX,z一曲醉红尘j,z一曲醉红尘j:【#驻英大使记者会播香港局势短片#】8月15日，中国驻英国大使刘晓明在大使馆召开的一场中外记者会上，播放了一段香港局势的视频。他说：“我们制作了一个短片，让大家看一看在西方媒体看不到的画面，听一听在西方媒体听不到的声音。”环球时报的秒拍视频  ,无,无,2019-08-16 13:39 ,小米6X 拍人更美,1,0,0
I2tI8oe9q,8号生活圈,8号生活圈:发布了头条文章：《香港学生会就是黑社会》  香港学生会就是黑社会  ,无,无,2019-08-16 13:39 ,微博 weibo.com,0,0,0
I2tI7cgCx,新胜兴盛,新胜兴盛:“全国人民代表大会常务委员会决定宣布战争状态或因香港特别行政区内发生香港特别行政区政府不能控制的危及国家统一或安全的动乱而决定香港特别行政区进入紧急状态，中央人民政府可发布命令将有关全国性法律在香港特别行政区实施。”也就是说，在上述特殊情况下，中央政府还可以直接决定《武警法》在香港地区实施。 http://t.cn/AiHl0wd0 原图 ,无,无,2019-08-16 13:39 ,分享按钮,0,0,0
I2tHZd2GV,刘五一,刘五一:想让全世界知道：𝗜 𝗹𝗼𝘃𝗲 𝗖𝗵𝗶𝗻𝗮 🇨🇳 𝙃𝙤𝙣𝙜 𝙆𝙤𝙣𝙜 𝙞𝙨 𝙥𝙖𝙧𝙩 𝙤𝙛 𝘾𝙝𝙞𝙣𝙖 𝙛𝙤𝙧𝙚𝙫𝙚𝙧🇨🇳这就是我们的态度一起转！#14亿人撑香港# ！ http://t.cn/AiH0IJVM  http://t.cn/RJwSg8F 显示地图 ,无,无,2019-08-16 13:38 ,Huawei2Android,9,7,2
I2tHYDnQ1,李思佳哦,李思佳哦:#香港是中国的香港#  原图 ,无,无,2019-08-16 13:38 ,iPhone X,38,0,3
I2tHYlKb1,小梅梅,小梅梅:#李嘉诚发声#  “黄台之瓜 何堪再摘”李嘉诚是在喊话中央不要对香港太狠，也告诉香港人不要给中央这个机会。面上是响应中央，但用的典故，呵呵。香港烂成这样、乱成这样、一定程度上也缘于资本把持自身利益。李嘉诚以及香港四大家族，都不是什么好鸟  ,无,无,2019-08-16 13:38 ,iPhone XS Max,24,2,2
I2tHVEIMP,不喜薄凉,不喜薄凉:我不要废柴觉得，我要我觉得香港🇭🇰事件属于暑假限定，再过六天就结束🔚#香港是中国的香港##香港是中国香港# 【李嘉诚：对「一国两制」以谦和而珍之】今日香港要停止暴力，坚守法治 ，对「一国两制」，以谦和而珍之。以一个香港市民身份刊登广告，主要因为他认为，香港长期繁荣稳定系于「一国两制」行稳致远。今日香港，要停止暴力，坚守法治。时间的长河看不到尽头，人生的路走不回头。他的心声是：爱中国、爱香港、爱自己；大家一定要以爱之义，止息怒愤，对「一国两制」，以谦和而珍之。至于对年轻人有何看法？李嘉诚表示，投放资源在青年工作，永不后悔，因为投资青年，就是投资未来。「不要让今天的激情，成为明天的遗憾。」 [组图共3张] 原图 ,无,无,2019-08-16 13:38 ,iPhone客户端,1,0,0
I2tHUeKf8,影落解释,影落解释:#反暴力护香港#自古香港是我国的一部分，如果只是认识不清就肆意妄为，那么等待的不光是广大人民的唾骂还有法律的制裁，国家统一更是不容任何侵犯，香港警察加油！ 成都·盐市口  显示地图 原图 ,无,#反暴力护香港#,2019-08-16 13:38 ,iPhone 6s,4,0,0
I2tHTD4fC,徒乱天时a,徒乱天时a:#毕滢点赞内涵洪欣微博#毕滢戏怎么那么多？是不服气还是咋了？还点赞...能不能要点脸啊！  毕滢点赞暗讽洪欣微博：宫斗大戏 香港女人真厉害  ,无,无,2019-08-16 13:38 ,搜狗高速浏览器,0,0,0
I2tHTlr2D,爱喝酸梅汤的大地瓜,爱喝酸梅汤的大地瓜:突然想了想，香港人住那么小的房子吃个面七八十，压力那么大，活着就靠着那点自尊心，突然让香港和内地一样，执行一样的条例或者法律，他们肯定非常反对，那和“新”北京人不想放开北京户口的心态是一样的。  ,无,无,2019-08-16 13:38 ,iPhone,0,0,0
I2tHT1dzx,姑苏清寒,姑苏清寒:#博君一肖[超话]#爱你中国！！！加油香港！！！  ,无,无,2019-08-16 13:38 ,博君一肖超话,9,0,0
I2tHQnvGv,香港保险财富经理淂梅,香港保险财富经理淂梅:好好工作，为每一个家庭保驾护航#香港友邦# 香港特区·友邦廣場  显示地图 原图 ,无,#香港友邦#,2019-08-16 13:38 ,vivo X20全面屏手机,0,0,0
I2tHQ3NfT,雪恋亭,雪恋亭:《驻英大使播香港短片：让中外记者看看在西方媒体看不到的画面！》当地时间15日，中国驻英国大使馆在伦敦召开中外记者会。驻英大使播香港短片：让中外记者看看在西方媒体看不到的画面！  原图 ,无,无,2019-08-16 13:38 ,百度App,1,0,0
I2tHOyMH0,果七末了,果七末了:I am proud to be a Chinese .坚持一个中国原则香港是中国的一部分中国🇨🇳  ,无,无,2019-08-16 13:38 ,vivo智能手机,0,0,0
I2tHN8l3g,瑜我所欲也34256,瑜我所欲也34256:#我也支持香港警察# 港独:我觉得香港是独立的  hxm:我不要你觉得 我要我觉得 你听我的 你们不要闹了 就这样 都听我的  原图 ,无,无,2019-08-16 13:38 ,荣耀9青春版 全屏四摄,7,1,0
I2tHMuwUJ,是顾小熙耶,是顾小熙耶:from老李:我爱中国🇨🇳 支持香港🇨🇳🇨🇳 🇨🇳 🇨🇳 🇨🇳 🇨🇳 🇨🇳 🇨🇳 🇨🇳 🇨🇳 🇨🇳 🇨🇳 🇨🇳  🇨🇳 🇨🇳 🇨🇳 🇨🇳 🇨🇳 🇨🇳 🇨🇳 🇨🇳 🇨🇳 🇨🇳 🇨🇳 🇨🇳  原图 ,无,无,2019-08-16 13:38 ,HUAWEI Mate 8,1,0,0
I2tHMcTFY,军粉菌粉,军粉菌粉:中共中央人民政府坚信，香港政府以及警察能处理好这一系列暴力示威事件，因为了给与香港高度自治权，坚信这个决定不会错，香港一国两制的方针不会变#守护香港##我也支持香港警察##反暴力护香港##香港各界支持止暴制乱# 军粉菌粉的微博视频  ,无,无,2019-08-16 13:38 ,军粉菌粉超话,132,10,22
I2tHLCdvW,浙江微力量,浙江微力量:【“法国蜘蛛侠”爬香港中环高楼处挂中国国旗和香港区旗】#法国蜘蛛侠爬高楼挂中国国旗#一名外籍男子16日早上8时许，爬上香港中环长江集团中心，在外墙挂起一幅印上中华人民共和国国旗及香港特区区旗的旗帜，国旗及区旗下印有黄色及红色两只手互握的图案，职员发现报警处理。据了解，挂旗帜的是有“法国蜘蛛侠”之称的罗伯特（Alain Robert）。#5人涉嫌侮辱国旗被香港警方拘捕#http://t.cn/AiHl9Lee ,无,无,2019-08-16 13:38 ,前置双摄vivo X9sPlus,21,1,1
I2tHKrgBH,桃之夭夭--蕥,桃之夭夭--蕥:美国为什么要搞乱香港原创 | 美国为什么要搞乱香港？  ,无,无,2019-08-16 13:38 ,iPhone客户端,0,0,0
I2tHKtRwR,ROY_羽源有缘,ROY_羽源有缘:#5人涉嫌侮辱国旗被香港警方拘捕#牢底坐穿，谢谢！  ,无,无,2019-08-16 13:38 ,王源的小汤圆,5,0,0
I2tHKceIA,请叫我小黑H,请叫我小黑H:#奶粉丁[超话]# 香港🇭🇰是中国的一部分 永远 请叫我小黑H的微博视频  ,无,无,2019-08-16 13:38 ,奶粉丁超话,2,0,0
I2tHHtH00,今天早睡了吗wa,今天早睡了吗wa:我真的不能再熬夜了 最近洗一次头掉一大把  想早点睡觉 但是睡前看到那些热搜 看那些废青的言行真的是气的睡不着 心疼中国 被外国惦记 还被一些白眼狼内部攻击#香港永远是中国的一部分##香港是中国的香港# 讲真我平时真的很少去评论什么的 现在真的不能忍 真的忍不住 真的很痛心为什么会发展成这样 废青你们没有心吗 [组图共6张] 原图 ,无,无,2019-08-16 13:38 ,HUAWEI nova 3,5,0,1
I2tHHtH00,今天早睡了吗wa,今天早睡了吗wa:我真的不能再熬夜了 最近洗一次头掉一大把  想早点睡觉 但是睡前看到那些热搜 看那些废青的言行真的是气的睡不着 心疼中国 被外国惦记 还被一些白眼狼内部攻击#香港永远是中国的一部分##香港是中国的香港# 讲真我平时真的很少去评论什么的 现在真的不能忍 真的忍不住 真的很痛心为什么会发展成这样 废青你们没有心吗 [组图共6张] 原图 ,无,无,2019-08-16 13:38 ,HUAWEI nova 3,5,0,1
I2tHF6Mii,冯炜光_HK,冯炜光_HK:香港🇭🇰之恥  原图 ,无,无,2019-08-16 13:38 ,iPhone客户端,30,7,11
I2tHEv6mL,我才是朵兰,我才是朵兰:#我们都有一个爱豆名字叫阿中#香港，台湾，澳门是中国不可缺少的一部分，从1840年开始到新中国成立，我们经历了多少苦难，才有了今天的成就。中国是我们56个民族的顶梁柱，神圣不可侵犯。中国人绝不允许有任何的反华势力，去撼动我们的顶梁柱，犯我中华者，虽远必诛。  ,无,无,2019-08-16 13:38 ,iPhone客户端,18,0,0
I2tHExeK8,tropomyosin,"tropomyosin:太厉害了叭『""守护全世界最好的阿中"" 饭圈女孩""开撕""香港示威者』""守护全世界最好的阿中"" 饭圈女孩""开撕""香港示威者  ",无,无,2019-08-16 13:38 ,荣耀 9X,2,0,1
I2tHCrVOl,月下逃,月下逃:#学诗#黄台瓜辞：种瓜黄台下，瓜熟子离离，一摘使瓜好，再摘令瓜稀，三摘尤自可，再摘抱蔓归。感觉有一个香港市民不实在啊  ,无,无,2019-08-16 13:37 ,iPhone客户端,0,0,0
I2tHCsYml,时光荏苒-初心依然,时光荏苒-初心依然:最近，在网上、电视上一看见香港艺人就特别讨厌，立即切换，可能有些冤枉香港艺人。但是，在当前形势下没有人出来做些、说些什么，总感觉他们对不起内地网友、影迷、歌迷的支持，哎！什么时候能消停，自己家孩子真是打不得动不得。  ,无,无,2019-08-16 13:37 ,iPhone客户端,1,0,0
I2tHBBdby,人工智能趋势,人工智能趋势:香港废青占领机场，影响的是谁？对当权者有影响吗？影响的是普通民众。这种抗争方式只会把大众推向自己的对立面，影响国际友人的看法。这帮笨蛋，屎吃的都是隔夜的  ,无,无,2019-08-16 13:37 ,微博 weibo.com,0,0,0
I2tHF6Mii,冯炜光_HK,冯炜光_HK:香港🇭🇰之恥  原图 ,无,无,2019-08-16 13:38 ,iPhone客户端,31,7,11
I2tHEv6mL,我才是朵兰,我才是朵兰:#我们都有一个爱豆名字叫阿中#香港，台湾，澳门是中国不可缺少的一部分，从1840年开始到新中国成立，我们经历了多少苦难，才有了今天的成就。中国是我们56个民族的顶梁柱，神圣不可侵犯。中国人绝不允许有任何的反华势力，去撼动我们的顶梁柱，犯我中华者，虽远必诛。  ,无,无,2019-08-16 13:38 ,iPhone客户端,18,0,0
I2tHExeK8,tropomyosin,"tropomyosin:太厉害了叭『""守护全世界最好的阿中"" 饭圈女孩""开撕""香港示威者』""守护全世界最好的阿中"" 饭圈女孩""开撕""香港示威者  ",无,无,2019-08-16 13:38 ,荣耀 9X,2,0,1
I2tHryHHX,睡到星星了,睡到星星了:今天宝贝给我讲了微博上的一些人，他们说饭圈女孩都是被官媒煽动、他们支持香港认为香港只是合理诉求、他们觉得大家都看不到外面的世界，可是并不是这样的，这些言论看得我很憋屈，也很心痛。香港一直是中国的领土，根本不存在合理诉求一说，他们只是崇洋媚外、觉得美英的空气都是香的，有些人骨子里就有奴性，跪久了就站不起来了。我爱中国这句话说出来可能有很多人觉得很冠冕堂皇，可是并不是的，这是溶于骨血的爱，我出生在这个祖国。十万青年十万军，国难岂待儿孙平？这是重复在我梦里的画面，我爱我的祖国，不是别人简简单单一句话可以煽动、也不是谁轻易就可以改变的。还有就是并不是外面的东西就是真理、就是和谐、就是自由，每个人都有自己的想法，到了外面之后你会发现其实很多东西也都是煽动性的言论，如果这种时候你都不相信自己的祖国，倒不如修改国籍另取谋生，我们的祖国也不需要口口声声打着自由平等的名号、其实说着煽动性话语的渣滓。最后，我们的国家曾经发生了什么每个人都很清楚。有些人跪下了就起不来了，甚至有人把他们拉起来还反被怪罪，自己又跪了下去。可是我们，我们是哪怕被打跪下了也不会弯下自己的脊梁，我们永远站立，我们的脊梁永远挺立，而祖国，就是我们的脊梁。 ,无,无,2019-08-16 13:37 ,HUAWEI P20,5,1,5
I2tHremoj,和魂垟才,和魂垟才:中午，人事敲着我的桌子：醒醒，上班了！晚上，我到ins上扣着香港人的门：醒醒，中国强大了！  ,无,无,2019-08-16 13:37 ,微博 weibo.com,3,0,0
I2tHqFoq0,骑驴爱发呆,骑驴爱发呆:#香港各界支持止暴制乱# 来个橙v帮个忙  ,无,无,2019-08-16 13:37 ,nova5Pro人像超级夜景,3,0,0
I2tHgAccO,尔朱捭菩688228,尔朱捭菩688228: 以洛北现在的修为，就算是被人一下子揭示出自己的身份，也不会失神惊呼，但是和银色长袍的年轻男子一个对视之间，洛北却#过去与今天5592#看到对方的瞳孔之中有七彩的光芒一闪，这一下洛北就出现了片刻 #香港警方4天拘捕149人#  [组图共2张] 原图 ,无,无,2019-08-16 13:37 ,微博 weibo.com,0,0,0
I2tHfp3bJ,我和他的猫cat,我和他的猫cat:#亚马逊回应T恤事件#看到这些东西很痛心 我们的国徽象征我们的国家 你们随意“践踏”真的好吗。我们国家尊重每一个国家，同时也希望你们能够尊重我们，如果不想尊重也不能做伤害我们的事情。关于领土问题请你们记住香港永远是中国的。  ,无,无,2019-08-16 13:37 ,荣耀8X,3,0,0
I2tHd63Ca,咔呱叽呼,咔呱叽呼:#我也支持香港警察# 原来这段时间发生了这么多事情  ,无,无,2019-08-16 13:36 ,iPhone客户端,0,0,0
I2tHapPb8,有点难泡,有点难泡:#驻英大使记者会播香港局势短片#不管任何时候，我们都能掷地有声：香港是中国的香港，香港事务绝不容外国插手！#驻英大使记者会播香港局势短片#  ,无,无,2019-08-16 13:36,无,5,1,0
I2tH7pBAB,鹏讯电影,鹏讯电影:#5人涉嫌侮辱国旗被香港警方拘捕#【认真看完这个视频，看看国家对香港有多宽容】咱们对香港太好了！去殖民化确实没做到位，这次正好给它到位了！孩子就像小树苗，歪了就得砍就得治，不能惯!#驻英大使记者会播香港局势短片# 国家对你们这么好，你们却忘恩负义，卖国贼，你们为什么这么无耻---GDFZ！！！  http://t.cn/AiHl6LII ,无,无,2019-08-16 13:36 ,iPhone客户端,2,3,0
I2tH7aFu9,夹心的黄嘉新,夹心的黄嘉新:#5人涉嫌侮辱国旗被香港警方拘捕# 现在闹得欢，将来拉清单！坚决维护国家主权与领土完整！ 向暴力说不！ #驻英大使记者会播香港局势短片#  那些老说“没用”之类的话是想散布丧气吗，有用没用，这阶段有做出行动才是最主要的！中国加油！  ,无,无,2019-08-16 13:36 ,OPPO Reno,5,3,0
I2tH6AmwW,Super_安米,Super_安米:#香港是中国的香港# 我们的民主求的是同胞的平等、HK的民主求的确实高人一等！  ,无,无,2019-08-16 13:36 ,iPhone客户端,1,0,0
I2tH6AmwW,Super_安米,Super_安米:#香港是中国的香港# 我们的民主求的是同胞的平等、HK的民主求的确实高人一等！  ,无,无,2019-08-16 13:36 ,iPhone客户端,1,0,0
I2tH5FFjx,VJD蜜思可可_刘恋,VJD蜜思可可_刘恋:#香港VJD吴启华自创品牌招商中# VJD ———倾慕丝绒雾面唇釉 欲望红唇 💋 一抹上瘾 金华  显示地图 [组图共6张] 原图 ,无,#香港VJD吴启华自创品牌招商中#,2019-08-16 13:36 ,iPhone X,0,0,0
I2tH5CWDx,蔷薇葵花风炎缥缈,蔷薇葵花风炎缥缈:#李嘉诚发声#别扯了你个老商人，香港人的钱主要流进谁的口袋心里没数吗。废青也是一群废物，要闹也去李嘉诚家门口闹闹去，一群废物天天蹲机场凉快，连苦都不能吃还想搞color revolution。  ,无,无,2019-08-16 13:36 ,小米8周年旗舰手机,8,0,1
I2tH4uKfD,Hip-Hop-墙,Hip-Hop-墙:共青团又分享说唱了🔥警帮说唱来了《撑港警》为同胞发声！《撑港警》Super Deep x Lord贺 xSuper Ban x 谭鹏 x 方仔🇨🇳🇨🇳🇨🇳 #5人涉嫌侮辱国旗被香港警方拘捕# 共青团中央的秒拍视频  ,无,无,2019-08-16 13:36 ,中国新说唱超话,32,6,2
I2tGTAhVV,吴飞鸿,吴飞鸿:#驻英大使记者会播香港局势短片##5人涉嫌侮辱国旗被香港警方拘捕# 这个厉害了！霸气十足！ 吴飞鸿的微博视频  ,无,无,2019-08-16 13:36 ,iPhone 6s,189,13,9
I2tGvAZm9,嘎日玛盖MGL,嘎日玛盖MGL:孩子被欺负了怎么办？ #嘎日玛盖聊育儿[超话]##宝宝##超级奶爸##育儿##亲子##教育##正能量##香港各界支持止暴制乱# 上海 嘎日玛盖MGL的微博视频  显示地图 ,无,#香港各界支持止暴制乱#,2019-08-16 13:35 ,iPhone XS Max,3,4,2
I2tGp8QzC,逗你玩系列,逗你玩系列:爱国青年们用接地气的词语问候这些香港废青！听着真的太解气了！#国泰航空两高管辞职#  #反暴力救香港大集会#  http://t.cn/AiHlCnHb  ,无,无,2019-08-16 13:34 ,微博视频,260,34,59
I2tFwq0LH,头条新闻,头条新闻:【“法国蜘蛛侠”爬香港中环高楼处挂中国国旗和香港区旗】#法国蜘蛛侠爬高楼挂中国国旗#一名外籍男子16日早上8时许，爬上香港中环长江集团中心，在外墙挂起一幅印上中华人民共和国国旗及香港特区区旗的旗帜，国旗及区旗下印有黄色及红色两只手互握的图案，职员发现报警处理。据了解，挂旗帜的是有“法国蜘蛛侠”之称的罗伯特（Alain Robert）。#5人涉嫌侮辱国旗被香港警方拘捕##亚马逊回应T恤事件#http://t.cn/AiHl9Lee ,无,无,2019-08-16 13:32 ,微博 weibo.com,23980,1937,1714
I2tFbuj5h,刘海影,刘海影:所有人都在猜，谁在摘瓜有人开玩笑说，是和黄这个可以公正地说一句，和黄肯定不是摘瓜人最近流行的一个笑话说，废青所以上街，是因为没有房子住、穷说实话，说这话的人，不外乎是“经济好了就可以横着走”思想的受害者。不论内地人如何看不起香港，香港人的收入水平与生活水平超越了地球上98%的人与内地人。既然地球上别的地方的人没有因为穷而上街，香港人（成百万人地）自然也不是因为穷而上街李小加说中国不再需要多一个上海深圳，而要一个与众不同的香港，这可能是真的，但是，管理一个香港，要比管理十个上海深圳更困难更多讨论在【海影宏观】，加入可见http://t.cn/AiHl9pKH [组图共2张] 原图 ,无,无,2019-08-16 13:31 ,微博 weibo.com,106,57,90
I2tENzdXZ,突击手,突击手:关于付国豪，这才是实事求是的报道。#5人涉嫌侮辱国旗被香港警方拘捕##突击手微评#  原图 ,无,无,2019-08-16 13:30 ,iPhone XR,189,27,60
I2tEM4a8e,环球网,"环球网:#法籍蜘蛛侠现身中环# 【港媒：法籍“蜘蛛侠”现身香港中环，在商厦外墙挂中国国旗和香港特别行政区区旗】据香港东网16日报道，一名身手敏捷的法国籍""蜘蛛侠""，今早(16日)8时14分，被发现到位于香港中环的长江集团中心沿外墙攀爬，并且在低层位置挂上一条印有中国国旗及香港特别行政区区旗图案的旗帜，旗帜下方有两只手互握的图案。警方及消防到场后，在地面放置救生气垫，而法籍男子则沿外墙爬上顶楼，最后由警员带走调查。现场有消息称，该名法籍汉疑为绰号""蜘蛛侠""的法国攀爬专家罗伯特(Alain Robert)。http://t.cn/AiHl9wi6 http://t.cn/AiHl9Lee @环视频 ",无,无,2019-08-16 13:30,无,2756,258,298
I2tEE4ifN,xhy老鼠,xhy老鼠:李嘉诚发声 回应刊登广告事宜 #反暴力护香港# xhy老鼠的微博视频  ,无,无,2019-08-16 13:30 ,360安全浏览器,6,3,0
I2tEChEcG,何天恩,何天恩:第一次听脏话，听得热泪盈眶，哈哈。。南澳州大学里面的中国留学生和废青对骂 四字国骂振聋发聩 #5人涉嫌侮辱国旗被香港警方拘捕##驻英大使记者会播香港局势短片# 雷希颖的微博视频  ,无,无,2019-08-16 13:30 ,微博 weibo.com,1962,417,272
I2tExyvgq,藏蓝观察,藏蓝观察:#驻英大使记者会播香港局势短片#我就问问 播放的是不是这部专题片？？？藏蓝观察的微博视频 #天下之事[超话]#  ,无,无,2019-08-16 13:30 ,天下之事超话,145,57,23
I2tEr874Y,中国新闻周刊,中国新闻周刊:【#香港133万人将免交工资税# 香港特区政府出台一系列措施纾民困】#香港特区政府将投191亿港元纾民困#15日，香港特区政府公布，受香港近期一系列暴力示威活动、中美贸易摩擦以及环球经济下行影响，香港经济衰退风险显著上升。特区政府将出台价值191亿港元的“撑企业、保就业、纾民困”措施，包括派发学生津贴、减免政府收费、免除公屋住户一个月租金等。最重要的措施是减免薪俸税等税务宽免百分比，2019年香港133万人将免交工资税。（中新视频）http://t.cn/AiHOq84y ,无,无,2019-08-16 13:30 ,微博 weibo.com,93,57,190
I2tGTAhVV,吴飞鸿,吴飞鸿:#驻英大使记者会播香港局势短片##5人涉嫌侮辱国旗被香港警方拘捕# 这个厉害了！霸气十足！ 吴飞鸿的微博视频  ,无,无,2019-08-16 13:36 ,iPhone 6s,189,13,9
I2tGvAZm9,嘎日玛盖MGL,嘎日玛盖MGL:孩子被欺负了怎么办？ #嘎日玛盖聊育儿[超话]##宝宝##超级奶爸##育儿##亲子##教育##正能量##香港各界支持止暴制乱# 上海 嘎日玛盖MGL的微博视频  显示地图 ,无,#香港各界支持止暴制乱#,2019-08-16 13:35 ,iPhone XS Max,3,4,2
I2tGruJhM,和天空说声HI,和天空说声HI:#5人涉嫌侮辱国旗被香港警方拘捕#感受一下在澳留学生们的爱国情怀，不管多少次都让人好感动！！！ 和天空说声HI的微博视频  ,无,无,2019-08-16 13:35 ,iPhone客户端,98,4,8
I2tGq2ahI,新民周刊,新民周刊:【“法国蜘蛛侠”爬香港中环高楼处挂中国国旗和香港区旗】#法国蜘蛛侠爬高楼挂中国国旗#一名外籍男子16日早上8时许，爬上香港中环长江集团中心，在外墙挂起一幅印上中华人民共和国国旗及香港特区区旗的旗帜，国旗及区旗下印有黄色及红色两只手互握的图案，职员发现报警处理。据了解，挂旗帜的是有“法国蜘蛛侠”之称的罗伯特（Alain Robert）。#5人涉嫌侮辱国旗被香港警方拘捕#http://t.cn/AiHl9Lee ,无,无,2019-08-16 13:34 ,HUAWEI Mate 20 X,79,10,14
I2tGp8QzC,逗你玩系列,逗你玩系列:爱国青年们用接地气的词语问候这些香港废青！听着真的太解气了！#国泰航空两高管辞职#  #反暴力救香港大集会#  http://t.cn/AiHlCnHb  ,无,无,2019-08-16 13:34 ,微博视频,260,34,59
I2tFwq0LH,头条新闻,头条新闻:【“法国蜘蛛侠”爬香港中环高楼处挂中国国旗和香港区旗】#法国蜘蛛侠爬高楼挂中国国旗#一名外籍男子16日早上8时许，爬上香港中环长江集团中心，在外墙挂起一幅印上中华人民共和国国旗及香港特区区旗的旗帜，国旗及区旗下印有黄色及红色两只手互握的图案，职员发现报警处理。据了解，挂旗帜的是有“法国蜘蛛侠”之称的罗伯特（Alain Robert）。#5人涉嫌侮辱国旗被香港警方拘捕##亚马逊回应T恤事件#http://t.cn/AiHl9Lee ,无,无,2019-08-16 13:32 ,微博 weibo.com,23985,1938,1714
I2tCzw0sb,澳洲华厦传媒官网,澳洲华厦传媒官网:#守护香港###澳大利亚在发生香港激进分子闹事# 澳大利亚华人力挺中国##悉尼#护国正当时，今天，澳大利亚多地爆发香港人与华人的游行，澳大利亚年轻人正面硬刚港独份子！！！彩！！！！@新京报 @人民日报  澳洲华厦传媒官网的微博视频  ,无,无,2019-08-16 13:25 ,微博视频,47,9,9
I2tBZv81Q,万人如海深藏,"万人如海深藏:黄晓明应该被派去对付港独。港独：我觉得香港是独立的。黄晓明：我不要你觉得，我要我觉得。你听我的，你们不要吵了，就这样，都听我的。港独:“我要香港独立！”晓明:“那是你的问题你必须自己解决，听我的，不行自己买块地”废青“不行我一定要闹事”小明“要不你别干了” 港独：""啊～我太难了！"" 原图 ",无,无,2019-08-16 13:24 ,一看你就笑Android,5,0,0
I2tBJwiGK,SwagFuck,SwagFuck:共青团又分享说唱了🔥警帮说唱来了《撑港警》为同胞发声！《撑港警》Super Deep x Lord贺 xSuper Ban x 谭鹏 x 方仔🇨🇳🇨🇳🇨🇳 #5人涉嫌侮辱国旗被香港警方拘捕# 共青团中央的秒拍视频  ,无,无,2019-08-16 13:23,无,577,207,49
I2tBy19PM,扎西德勒-天珠收藏,扎西德勒-天珠收藏:#守护香港# 2019网络十大流行语，第一名：“港独，CNMB”！几百人一起说最有气势！挺好的！#中国一点都不能少[超话]# 扎西德勒-天珠收藏的微博视频  ,无,无,2019-08-16 13:22 ,天珠超话,5609,764,1632
I2tBvlfGO,搜狐新闻客户端,搜狐新闻客户端:【#驻英大使记者会播香港局势短片#】8月15日，中国驻英国大使刘晓明在大使馆召开的一场中外记者会上，播放了一段香港局势的视频。他说：“我们制作了一个短片，让大家看一看在西方媒体看不到的画面，听一听在西方媒体听不到的声音。”环球时报的秒拍视频  ,无,无,2019-08-16 13:22 ,搜狗高速浏览器,14,1,3
I2tBoz0T5,married_beloved,married_beloved:这个香港🇭🇰小姐姐又来了，这次带大家看看网红打卡目的地：摩洛哥，看看这个北非国家有多美！ married_beloved的微博视频  ,无,无,2019-08-16 13:22 ,Android,13,6,0
I2tAS5pO2,新文化网,新文化网:#亚马逊认可并尊重一国两制#【独家！#亚马逊回应T恤事件# ：认可并尊重“一国两制”】针对近期发生的亚马逊平台出现售卖“港独T恤”事件，亚马逊对中新网独家回应称，亚马逊一贯认可并尊重“一国两制”原则，这也是长期以来得到国际社会广泛认可的原则。在我们业务运营的每个国家和地区，我们都持续遵守当地不同的法律法规。http://t.cn/AiTmN4eI ,无,无,2019-08-16 13:21 ,微博 weibo.com,13,3,2
I2tAIyPDq,河南好网民,河南好网民:#5人涉嫌侮辱国旗被香港警方拘捕# 大快人心👏👏👏！海港城“串谋侮辱国旗”者，拘了！ 河南好网民的微博视频  ,无,无,2019-08-16 13:20 ,微博视频,10,1,0
I2tAnjVoY,中国经营报,中国经营报:【香港特区政府拨款191亿元提振经济  支援企业和市民共度时艰】8月15日下午，香港特区政府财政司司长陈茂波召开记者会，宣布了支持企业和市民的措施。陈茂波说，香港经济第二季下行压力显著，近期的情况更为严峻。按照目前的情况和展望估计，政府因而需要将全年实质增长率预测下调到0%至1%。财政司拟推出一系列措施来撑企业、保就业，这些措施预计约为191亿港币，约合人民币171亿元。 http://t.cn/AiHOjZXi ,无,无,2019-08-16 13:20 ,微博 weibo.com,16,8,18
I2tAS5pO2,新文化网,新文化网:#亚马逊认可并尊重一国两制#【独家！#亚马逊回应T恤事件# ：认可并尊重“一国两制”】针对近期发生的亚马逊平台出现售卖“港独T恤”事件，亚马逊对中新网独家回应称，亚马逊一贯认可并尊重“一国两制”原则，这也是长期以来得到国际社会广泛认可的原则。在我们业务运营的每个国家和地区，我们都持续遵守当地不同的法律法规。http://t.cn/AiTmN4eI ,无,无,2019-08-16 13:21 ,微博 weibo.com,13,3,2
I2tAIyPDq,河南好网民,河南好网民:#5人涉嫌侮辱国旗被香港警方拘捕# 大快人心👏👏👏！海港城“串谋侮辱国旗”者，拘了！ 河南好网民的微博视频  ,无,无,2019-08-16 13:20 ,微博视频,10,1,0
I2tAnjVoY,中国经营报,中国经营报:【香港特区政府拨款191亿元提振经济  支援企业和市民共度时艰】8月15日下午，香港特区政府财政司司长陈茂波召开记者会，宣布了支持企业和市民的措施。陈茂波说，香港经济第二季下行压力显著，近期的情况更为严峻。按照目前的情况和展望估计，政府因而需要将全年实质增长率预测下调到0%至1%。财政司拟推出一系列措施来撑企业、保就业，这些措施预计约为191亿港币，约合人民币171亿元。 http://t.cn/AiHOjZXi ,无,无,2019-08-16 13:20 ,微博 weibo.com,16,7,17
I2tAn2jFz,新浪资讯台,新浪资讯台:【香港暴徒悍然袭警，若是在欧美，他们会有多惨？】香港汉奸窜访欧美，乞求外力相助。戳视频了解美英政府处置骚乱现场，会有多么强硬？@小央视频 小央视频的秒拍视频  ,无,无,2019-08-16 13:20 ,微博 weibo.com,9,10,8
I2tAiyuuV,新浪军事,新浪军事:【香港133万人将免交工资税 香港特区政府出台一系列措施纾民困】#香港特区政府将投191亿港元纾民困#15日，香港特区政府公布，特区政府将出台价值191亿港元的“撑企业、保就业、纾民困”措施，包括派发学生津贴、减免政府收费、免除公屋住户一个月租金等。最重要的措施是减免薪俸税等税务宽免百分比，2019年香港133万人将免交工资税。（郑兴）@中新视频 #5人涉嫌侮辱国旗被香港警方拘捕# #驻英大使记者会播香港局势短片# #我们都有一个爱豆名字叫阿中# http://t.cn/AiHlXieU ,无,无,2019-08-16 13:19 ,微博 weibo.com,122,34,67
I2tAbuLBq,地球是个大圈圈,地球是个大圈圈:#风景#大美中国，航拍香港好望角 地球是个大圈圈的微博视频  ,无,无,2019-08-16 13:19 ,微博网页,0,0,0
I2tzZmCKR,大公報-大公網,大公報-大公網:【李嘉诚透过发言人回应刊登广告事宜】今日（16日）香港多份报章出现以“一个香港市民李嘉诚”名义刊登的广告，至少有两款。一款为“正如我之前讲过：‘黄台之瓜，何堪再摘。’”。另一款为反暴力标志，右边写“爱中国·爱香港·爱自己”，左边写“爱自由·爱包容·爱法治”，上边写“最好的因 可成最坏的果”，下边写“以爱之义 止息怒愤”。李嘉诚曾在2016年的长和业绩记者会上，引用同一诗句，来比喻香港的处境，呼吁“不要再伤害香港”。三年后的今天，他用同一句话来形容当下局势，到底有何用意呢？根据较早前的约定，李嘉诚今日（16日）会就刊登广告一事作出回应，记者约5点30分来到李嘉诚位于深水湾的寓所外等待。7点左右保安人员向记者索要卡片做登记。7点45分左右有管家出来告知记者李嘉诚不会接受采访，请记者不用再等待，并赠送记者每人一瓶水。8点18分左右李嘉诚座驾离开寓所，并拉上窗帘，未对刊登广告事宜作出回应。稍后，李嘉诚透过发言人表示，香港长期繁荣稳定系于“一国两制”行稳致远。今日香港，要停止暴力，坚守法治 。时间的长河看不到尽头，人生的路走不回头。“爱中国、爱香港、爱自己”，大家一定要以爱之义，止息怒愤，对“一国两制”，以谦和而珍之。 对于为何刊登两个不同广告？李嘉诚表示，基于目前香港形势复杂，难以用单一语言或沟通方法回应，“应以何身得度者，即现何身而为之说法”。 而对于政府和年轻人的看法，李嘉诚则说，现时年轻人给政府的声音和讯息震耳欲聋，政府已在绞尽脑汁。他投放资源在青年工作，永不后悔，因为投资青年，就是投资未来。不要让今天的激情，成为明天的遗憾。（大公文汇全媒体） http://t.cn/AiHlX8GK http://t.cn/AiHlClpt ,无,无,2019-08-16 13:19 ,专业版微博,170,78,8
I2tzUCq1V,洛克道大棒槌,洛克道大棒槌:我说过只要没有一国一制，香港永远都有巨大的价值，一家维京群岛公司并带有信托结构，除了那些鸟不拉屎的小国家和小银行，谁能帮我想一个比香港更好的地方？想不出来吧 银行和跨国机构赚钱，我占小便宜，大佬占大便宜，香港的巨大价值和普通香港人没有半条毛关系，这也是香港普通人有这么多不满的原因之一，贫富差距和生活压力都很大。既得利益者包括我这样的小既得利益者其实想法都很现实，都不想香港人对我们发难，更不想香港受中央控制，所以你们这班废青就去搞别人就好，既发泄了不满，同时也会哭的孩子有奶吃，让中央对香港多点照顾，好让我们可以多占点便宜，大佬都在暗地里推波助澜。 [组图共2张] 原图 ,无,无,2019-08-16 13:18 ,iPhone 7 Plus,1,0,3
I2tzNAHeN,熊人的那些事_G1级,熊人的那些事_G1级:内行看门道，外行看热闹……都请冷静思考！ 中报视频的秒拍视频  ,无,无,2019-08-16 13:18,无,36,20,4
I2tziwJpH,TripleSix电子竞技俱乐部,"TripleSix电子竞技俱乐部:阿德莱德大学和南澳大学的中国留学生有点猛啊 。香港留学生：Hong Kong stay strong""中国留学生：""CNMB""😂😂😂#我也支持香港警察##14亿人撑香港# 苏州·苏化科技园 TripleSix电子竞技俱乐部的微博视频  显示地图 ",无,#14亿人撑香港#,2019-08-16 13:17 ,iPhone客户端,132,16,15
I2tz8dugc,综艺不打混,综艺不打混:#亚马逊回应T恤事件##5人涉嫌侮辱国旗被香港警方拘捕#无语，都是被扒出来后才道歉，某些平台和品牌真是够了！官媒严正警告美国：中国早已不是1842年的中国 香港是中国的香港！  官媒严正警告美国：中国早已不是1842年的中国 香港是中国的香港  ,无,无,2019-08-16 13:17 ,YOUKU精选视频,5,1,0
I2tyWFX1l,as-bershake,as-bershake:#香港是中国的香港##香港永远是中国的一部分# 澳大利亚·阿德莱德 as-bershake的微博视频  显示地图 ,无,#香港永远是中国的一部分#,2019-08-16 13:16 ,iPhone客户端,45,3,12
I2tyIce4y,Who_Dis_,Who_Dis_:我们学校也学一学啊！#香港是中国的香港##香港永远是中国的一部分##14亿人撑香港# Who_Dis_的微博视频  ,无,无,2019-08-16 13:15 ,iPhone 8 Plus,30,2,3
I2tyr5AEP,三班长-向着军旗敬礼,三班长-向着军旗敬礼:#香港各界支持止暴制乱#这个视频对于香港近几日的废青真形象。 PS:给你点狗脸了，不知道自己姓啥了。三班长-向着军旗敬礼的微博视频  ,无,无,2019-08-16 13:15 ,前置双摄vivo X9Plus,31,5,6
I2tyl8A8m,当代生活报,当代生活报:【香港市民#李嘉诚发声#】今日，香港多家媒体刊登落款为“一个香港市民李嘉诚”的头版整版广告。声明中写“以爱之义 止息愤怒”，以此反对暴力。 （人民日报）  [组图共3张] 原图 ,无,无,2019-08-16 13:15 ,微博 weibo.com,5,0,0
I2ty6mGFY,台湾热点视频,台湾热点视频:【香港警方：已拘捕748人 警署受到76次包围和袭击 】 8月15日香港警方召开记者会，公布最近行动的最新进展。警方表示自6月9日至8月14日，示威者前后共76次包围或袭击警署；共177名警务人员受伤；警方共拘捕748人，当中115人被检控。 燃新闻的秒拍视频  ,无,无,2019-08-16 13:14 ,iPhone 7,8,0,1
I2ty08VC4,完颜sir,完颜sir:#反暴力护香港#大帝说：对恐怖分子无需活捉，可直接就地击毙 完颜sir的微博视频  ,无,无,2019-08-16 13:14 ,iPhone客户端,171,11,10
I2txeknVw,惊悚放映室,惊悚放映室:《猛鬼差馆》#张学友#打僵尸，全程笑点不断，一部香港喜剧恐怖片！！#恐怖电影# 惊悚放映室的微博视频  ,无,无,2019-08-16 13:12 ,微博网页,9,1,2
I2ty08VC4,完颜sir,完颜sir:#反暴力护香港#大帝说：对恐怖分子无需活捉，可直接就地击毙 完颜sir的微博视频  ,无,无,2019-08-16 13:14 ,iPhone客户端,171,11,10
I2txeknVw,惊悚放映室,惊悚放映室:《猛鬼差馆》#张学友#打僵尸，全程笑点不断，一部香港喜剧恐怖片！！#恐怖电影# 惊悚放映室的微博视频  ,无,无,2019-08-16 13:12 ,微博网页,9,1,2
I2tx9xAAK,币圈黄埔军校,币圈黄埔军校:#驻英大使记者会播香港局势短片#香港市民怒怼港独:你不喜欢做中国人，可以离开我们中国人的地方 币圈黄埔军校的微博视频  ,无,无,2019-08-16 13:12 ,iPhone 8 Plus,90,3,4
I2tx29OZw,投行泰山,投行泰山:业内前辈：中午看到这个，不免感慨，别看大陆爱国者众多，但论中国文化的积淀，还是台湾香港更好些。爱国者深以为荣的“厉害了，我的国”，就如同笑话里说的，看到美景大喊“卧槽，真美”，绝不会说出啥啥齐飞啥啥一色的。李的这个广告，乍看是说给那些走上街头的港青们不要毁了香港，细一想，用的典故却是告诉母亲，不要对自己子女赶尽杀绝。中华文字，博大精深！ [组图共4张] 原图 ,无,无,2019-08-16 13:11 ,iPhone XS Max,98,136,84
I2twN7TBZ,广闻博见V,广闻博见V:【爱中国爱香港，我深深热爱祖国的每一片土地】有香港记者问老李，为什么要发两个不同的广告？回答是：基于目前香港形势复杂，难以用单一语言或沟通方法回应。「应以何身得度者，即现何身而为之说法」。有港人经过拆解，居然，是藏头诗？  [组图共3张] 原图 ,无,无,2019-08-16 13:11 ,iPhone XS Max,49,10,67
I2twIESEO,一朵小森林,一朵小森林:#联播重磅评香港透露了什么#究其原因这并不是一场游行，而是一起有预谋，内外勾结的乱港游行，这种行径令人所不齿。已经切身影响到香港的发展，阻滞了谁会发展和日常出行。 一朵小森林的微博视频  ,无,无,2019-08-16 13:11 ,iPhone 7 Plus,82,7,4
I2twA7LuY,FightingDarren,FightingDarren:墨尔本大学教授三观也太正了，直言香港是中国的一部分！！废青还要在墨大搞港独游行，醒醒吧！国外出差远程顶祖国！#香港是中国的香港##香港是中国香港# 吉尔吉斯斯坦 FightingDarren的微博视频  显示地图 ,无,#香港是中国香港#,2019-08-16 13:10 ,iPhone,152,10,0
I2twx8wFJ,Dean土澳咸哥,Dean土澳咸哥:#出国留学[超话]#点赞墨尔本大学，墨尔本大学给学生做的关于香港问题的专题讲座，反复强调香港是中国的一部分。大学就应该这样，教给学生最正确的三观。#教育##澳洲留学# Dean土澳咸哥的微博视频  ,无,无,2019-08-16 13:10 ,出国留学超话,52,3,0
I2twdkOjN,卡洛伊的日常不安,卡洛伊的日常不安:#香港永远是中国的一部分# 🌟#香港是中国的香港# 条理清晰 不卑不亢 千言万语只道一句姐妹牛逼！！！！！！拿头担保 都给我进来看！！！！ 澳大利亚·阿德莱德 卡洛伊的日常不安的微博视频  显示地图 ,无,#香港是中国的香港#,2019-08-16 13:09 ,iPhone 7 Plus,11,2,2
I2tw81hLf,帝吧官微,帝吧官微:两个港独废青的笑话，一个是废青今天发起的“瘫痪金融”运动，已经成功取出150万港币，还不够在香港买个车位。另一个是有帝吧网友去搅屎棍港独议员林卓廷主页留言“帝吧出征，寸草不生”，被其回复“帝吧早已解散了”，笑倒一堆网友。上梁不正下梁歪，哎#守护香港##香港是中国香港#  [组图共6张] 原图 ,无,无,2019-08-16 13:09 ,中华有为Android,1217,104,477
I2tw81hLf,帝吧官微,帝吧官微:两个港独废青的笑话，一个是废青今天发起的“瘫痪金融”运动，已经成功取出150万港币，还不够在香港买个车位。另一个是有帝吧网友去搅屎棍港独议员林卓廷主页留言“帝吧出征，寸草不生”，被其回复“帝吧早已解散了”，笑倒一堆网友。上梁不正下梁歪，哎#守护香港##香港是中国香港#  [组图共6张] 原图 ,无,无,2019-08-16 13:09 ,中华有为Android,1218,104,477
I2tvUrFVz,同行中的我,同行中的我:#亚马逊回应T恤事件##我们都有一个爱豆名字叫阿中##饭圈女孩出征# 香港的废青们，当政府的福利尚未派现时，有人就已经打算收割你们的智商税了，好自为之吧  [组图共6张] 原图 ,无,无,2019-08-16 13:09,无,28,1,6
I2tv1dyvs,小格子Scarlett,小格子Scarlett:#香港永远是中国的一部分# 朋友圈看到的，阿德莱德的内地学生太给劲了，太争气了。如果有人觉得不合适，我马上删掉。  小格子Scarlett的微博视频 澳大利亚·墨尔本  显示地图 ,无,#香港永远是中国的一部分#,2019-08-16 13:06 ,iPhone 8,197,9,52
I2tuPmkws,Who_Dis_,Who_Dis_:我真的笑麻了哈哈哈哈哈#香港是中国的香港##香港永远是中国的一部分##我也支持香港警察# Who_Dis_的微博视频  ,无,无,2019-08-16 13:06 ,iPhone 8 Plus,61,15,11
I2tuHpprV,T2Diamond,T2Diamond:#T2钻石赛[超话]#💎T2 发球挑战💎👀看中国香港选手@黃鎮廷0907 的一炮双响💥💥 T2Diamond的微博视频  ,无,无,2019-08-16 13:06 ,T2钻石赛超话,25,10,9
I2tuFDpHQ,澳洲红领巾微博,澳洲红领巾微博:哈哈哈哈哈……今天在澳洲南澳某大学，港独一句“stay strong” 在场中国留学生一句 CNMB！虽然看的有点不堪入眼，但是还是觉得很燃 #香港##港独# 澳洲红领巾微博的微博视频  ,无,无,2019-08-16 13:06 ,iPhone客户端,113,18,58
I2tuhnySB,新浪视频,"新浪视频:【用爱感化！香港阿Sir唐僧式""喊话""劝示威者离去】 近日网传一段影片，一名香港警员以磁性声线，用广播呼吁乱港分子离开。阿Sir一直温柔劝解，更在最后灵魂质问：逃跑的时候旁边的人记得你吗？你跑得快吗？不快就快点离开！#阿sir唐僧式劝示威者#中青网新闻中心的微博视频  ",无,无,2019-08-16 13:05 ,微博 weibo.com,645,226,70
I2tu75DPm,李檬萌-,李檬萌-:#中国[超话]##5人涉嫌侮辱国旗被香港警方拘捕# 多么整齐的CNMB留学生们好样的！！ 李檬萌-的微博视频  ,无,无,2019-08-16 13:04 ,中国超话,1243,314,305
I2ttTrrzZ,剧扒娱乐,剧扒娱乐:#宋茜ins#宋茜今天勇敢发声#香港是中国的香港# 爱中国，爱香港💪🏻香港是中国的香港，是不需要理由解释的正义所在、真理所依。中国一点都不能少，支持宋茜 #女生超显腿长穿搭#剧扒娱乐的微博视频  ,无,无,2019-08-16 13:04 ,热心吃瓜群众,56,5,6
I2tz8dugc,综艺不打混,综艺不打混:#亚马逊回应T恤事件##5人涉嫌侮辱国旗被香港警方拘捕#无语，都是被扒出来后才道歉，某些平台和品牌真是够了！官媒严正警告美国：中国早已不是1842年的中国 香港是中国的香港！  官媒严正警告美国：中国早已不是1842年的中国 香港是中国的香港  ,无,无,2019-08-16 13:17 ,YOUKU精选视频,5,1,0
I2tyWFX1l,as-bershake,as-bershake:#香港是中国的香港##香港永远是中国的一部分# 澳大利亚·阿德莱德 as-bershake的微博视频  显示地图 ,无,#香港永远是中国的一部分#,2019-08-16 13:16 ,iPhone客户端,45,3,12
I2tyIce4y,Who_Dis_,Who_Dis_:我们学校也学一学啊！#香港是中国的香港##香港永远是中国的一部分##14亿人撑香港# Who_Dis_的微博视频  ,无,无,2019-08-16 13:15 ,iPhone 8 Plus,30,2,3
I2tyr5AEP,三班长-向着军旗敬礼,三班长-向着军旗敬礼:#香港各界支持止暴制乱#这个视频对于香港近几日的废青真形象。 PS:给你点狗脸了，不知道自己姓啥了。三班长-向着军旗敬礼的微博视频  ,无,无,2019-08-16 13:15 ,前置双摄vivo X9Plus,31,5,6
I2tyl8A8m,当代生活报,当代生活报:【香港市民#李嘉诚发声#】今日，香港多家媒体刊登落款为“一个香港市民李嘉诚”的头版整版广告。声明中写“以爱之义 止息愤怒”，以此反对暴力。 （人民日报）  [组图共3张] 原图 ,无,无,2019-08-16 13:15 ,微博 weibo.com,5,0,0
I2ty6mGFY,台湾热点视频,台湾热点视频:【香港警方：已拘捕748人 警署受到76次包围和袭击 】 8月15日香港警方召开记者会，公布最近行动的最新进展。警方表示自6月9日至8月14日，示威者前后共76次包围或袭击警署；共177名警务人员受伤；警方共拘捕748人，当中115人被检控。 燃新闻的秒拍视频  ,无,无,2019-08-16 13:14 ,iPhone 7,8,0,1
I2ty08VC4,完颜sir,完颜sir:#反暴力护香港#大帝说：对恐怖分子无需活捉，可直接就地击毙 完颜sir的微博视频  ,无,无,2019-08-16 13:14 ,iPhone客户端,171,11,10
I2txeknVw,惊悚放映室,惊悚放映室:《猛鬼差馆》#张学友#打僵尸，全程笑点不断，一部香港喜剧恐怖片！！#恐怖电影# 惊悚放映室的微博视频  ,无,无,2019-08-16 13:12 ,微博网页,9,1,2
I2tx9xAAK,币圈黄埔军校,币圈黄埔军校:#驻英大使记者会播香港局势短片#香港市民怒怼港独:你不喜欢做中国人，可以离开我们中国人的地方 币圈黄埔军校的微博视频  ,无,无,2019-08-16 13:12 ,iPhone 8 Plus,90,3,4
I2tx29OZw,投行泰山,投行泰山:业内前辈：中午看到这个，不免感慨，别看大陆爱国者众多，但论中国文化的积淀，还是台湾香港更好些。爱国者深以为荣的“厉害了，我的国”，就如同笑话里说的，看到美景大喊“卧槽，真美”，绝不会说出啥啥齐飞啥啥一色的。李的这个广告，乍看是说给那些走上街头的港青们不要毁了香港，细一想，用的典故却是告诉母亲，不要对自己子女赶尽杀绝。中华文字，博大精深！ [组图共4张] 原图 ,无,无,2019-08-16 13:11 ,iPhone XS Max,317,136,84
I2twN7TBZ,广闻博见V,广闻博见V:【爱中国爱香港，我深深热爱祖国的每一片土地】有香港记者问老李，为什么要发两个不同的广告？回答是：基于目前香港形势复杂，难以用单一语言或沟通方法回应。「应以何身得度者，即现何身而为之说法」。有港人经过拆解，居然，是藏头诗？  [组图共3张] 原图 ,无,无,2019-08-16 13:11 ,iPhone XS Max,49,10,67
I2twIESEO,一朵小森林,一朵小森林:#联播重磅评香港透露了什么#究其原因这并不是一场游行，而是一起有预谋，内外勾结的乱港游行，这种行径令人所不齿。已经切身影响到香港的发展，阻滞了谁会发展和日常出行。 一朵小森林的微博视频  ,无,无,2019-08-16 13:11 ,iPhone 7 Plus,82,7,4
I2twA7LuY,FightingDarren,FightingDarren:墨尔本大学教授三观也太正了，直言香港是中国的一部分！！废青还要在墨大搞港独游行，醒醒吧！国外出差远程顶祖国！#香港是中国的香港##香港是中国香港# 吉尔吉斯斯坦 FightingDarren的微博视频  显示地图 ,无,#香港是中国香港#,2019-08-16 13:10 ,iPhone,152,10,0
I2twx8wFJ,Dean土澳咸哥,Dean土澳咸哥:#出国留学[超话]#点赞墨尔本大学，墨尔本大学给学生做的关于香港问题的专题讲座，反复强调香港是中国的一部分。大学就应该这样，教给学生最正确的三观。#教育##澳洲留学# Dean土澳咸哥的微博视频  ,无,无,2019-08-16 13:10 ,出国留学超话,52,3,0
I2twdkOjN,卡洛伊的日常不安,卡洛伊的日常不安:#香港永远是中国的一部分# 🌟#香港是中国的香港# 条理清晰 不卑不亢 千言万语只道一句姐妹牛逼！！！！！！拿头担保 都给我进来看！！！！ 澳大利亚·阿德莱德 卡洛伊的日常不安的微博视频  显示地图 ,无,#香港是中国的香港#,2019-08-16 13:09 ,iPhone 7 Plus,11,2,2
I2tw81hLf,帝吧官微,帝吧官微:两个港独废青的笑话，一个是废青今天发起的“瘫痪金融”运动，已经成功取出150万港币，还不够在香港买个车位。另一个是有帝吧网友去搅屎棍港独议员林卓廷主页留言“帝吧出征，寸草不生”，被其回复“帝吧早已解散了”，笑倒一堆网友。上梁不正下梁歪，哎#守护香港##香港是中国香港#  [组图共6张] 原图 ,无,无,2019-08-16 13:09 ,中华有为Android,1221,105,477
I2tvUrFVz,同行中的我,同行中的我:#亚马逊回应T恤事件##我们都有一个爱豆名字叫阿中##饭圈女孩出征# 香港的废青们，当政府的福利尚未派现时，有人就已经打算收割你们的智商税了，好自为之吧  [组图共6张] 原图 ,无,无,2019-08-16 13:09,无,28,1,6
I2tv1dyvs,小格子Scarlett,小格子Scarlett:#香港永远是中国的一部分# 朋友圈看到的，阿德莱德的内地学生太给劲了，太争气了。如果有人觉得不合适，我马上删掉。  小格子Scarlett的微博视频 澳大利亚·墨尔本  显示地图 ,无,#香港永远是中国的一部分#,2019-08-16 13:06 ,iPhone 8,197,9,52
I2tvZ9ByX,不认是我,"不认是我:2019.8.16重温重庆森林    是四年前在网易云发现这部电影的。刚开始惊喜于它来自王家卫。看名字以为是发生在重庆的，后来才知道，跟重庆没关系，跟森林也没关系，它发生在香港的重庆大厦里，关于失恋与暗恋。关于凤梨罐头。关于厨师沙拉。   “你喜欢听这么吵的音乐？”“对啊，吵一点挺好，不用想那么多事啊。   “ 不知道从什么时候开始，在每个东西上面都有一个日子，秋刀鱼会过期，肉罐头会过期，连保鲜纸都会过期，我开始怀疑，在这个世界上，还有什么东西是不会过期的？”   “ 每次我穿雨衣的时候，我都会戴太阳眼镜，你永远都不知道什么时候会下雨，什么时候出太阳。”   ""好好的厨师沙拉，换什么炸鱼薯条啊""   ""今天他喜欢凤梨，明天他可以喜欢别的""   ……   我可以发誓，《重庆森林》治愈了我没来由的忧郁和孤独。他们都说，失恋的人才能看懂。可我初看时才初中，哪来的恋。确实，四年后再看，才惊觉这部电影讲述的梦幻与迷离。人生来孤独，就像阿伟一样，以为全世界没人懂他的心。爱着的时候又那么的小心翼翼，因为害怕失去。就像阿菲一样，保持距离却又忍不住靠近。爱情真是有很多种样子啊，但终究抵不过一个事实––我们都一样孤独。孤独不会离开的，它只是在我们享受时暂时躲了起来，然后在怀念过去的时候突然出现，瞬间淹没杀死我们。 《重庆森林》里最喜欢王菲一边开着水龙头一边说因为下雨没有办法交电费。还有那个加洲梦的音乐。在这以后，每次打扫卫生，都会学着电影里，把音乐开到最大，摇头晃脑听《California Dreaming》。    我已经很久没恋爱了，我以为我自己不需要了。但最心底的声音告诉我，我还是城市里孤独的爱情渴望者，孤独至骨，因为孤独是盔甲，所以我要孤独。事实上，每个说自己不需要爱情的人，比谁都更加渴望真爱，我们还是期望买到不会过期的凤梨罐头啊 。 原图 ",无,无,2019-08-16 13:09 ,OPPO Find X,1,0,5
I2tvUrFVz,同行中的我,同行中的我:#亚马逊回应T恤事件##我们都有一个爱豆名字叫阿中##饭圈女孩出征# 香港的废青们，当政府的福利尚未派现时，有人就已经打算收割你们的智商税了，好自为之吧  [组图共6张] 原图 ,无,无,2019-08-16 13:09,无,28,1,6
I2tv1dyvs,小格子Scarlett,小格子Scarlett:#香港永远是中国的一部分# 朋友圈看到的，阿德莱德的内地学生太给劲了，太争气了。如果有人觉得不合适，我马上删掉。  小格子Scarlett的微博视频 澳大利亚·墨尔本  显示地图 ,无,#香港永远是中国的一部分#,2019-08-16 13:06 ,iPhone 8,197,9,52
I2tuPmkws,Who_Dis_,Who_Dis_:我真的笑麻了哈哈哈哈哈#香港是中国的香港##香港永远是中国的一部分##我也支持香港警察# Who_Dis_的微博视频  ,无,无,2019-08-16 13:06 ,iPhone 8 Plus,61,15,11
I2tuHpprV,T2Diamond,T2Diamond:#T2钻石赛[超话]#💎T2 发球挑战💎👀看中国香港选手@黃鎮廷0907 的一炮双响💥💥 T2Diamond的微博视频  ,无,无,2019-08-16 13:06 ,T2钻石赛超话,25,10,9
I2tuFDpHQ,澳洲红领巾微博,澳洲红领巾微博:哈哈哈哈哈……今天在澳洲南澳某大学，港独一句“stay strong” 在场中国留学生一句 CNMB！虽然看的有点不堪入眼，但是还是觉得很燃 #香港##港独# 澳洲红领巾微博的微博视频  ,无,无,2019-08-16 13:06 ,iPhone客户端,114,18,58
I2tuhnySB,新浪视频,"新浪视频:【用爱感化！香港阿Sir唐僧式""喊话""劝示威者离去】 近日网传一段影片，一名香港警员以磁性声线，用广播呼吁乱港分子离开。阿Sir一直温柔劝解，更在最后灵魂质问：逃跑的时候旁边的人记得你吗？你跑得快吗？不快就快点离开！#阿sir唐僧式劝示威者#中青网新闻中心的微博视频  ",无,无,2019-08-16 13:05 ,微博 weibo.com,645,226,70
I2tu75DPm,李檬萌-,李檬萌-:#中国[超话]##5人涉嫌侮辱国旗被香港警方拘捕# 多么整齐的CNMB留学生们好样的！！ 李檬萌-的微博视频  ,无,无,2019-08-16 13:04 ,中国超话,1243,314,305
I2tmpdTPn,澳洲事儿,澳洲事儿:澳大利亚南澳大学部分香港学生集会示威，遭大陆学生辱骂。 这就是我说的为什么我不太支持你们去和某些群体正面冲突，年轻人很容易控制不住情绪和尺度。而外媒在这件事上必定是有严重的偏袒，视频里的行为无异于授人口实。 澳洲事儿的微博视频  ,无,无,2019-08-16 12:45 ,澳大利亚超话,176,44,274
I2tlReKp2,抚州黎川发布,抚州黎川发布:#联播重磅评香港透露了什么#【香港媒体人士呼吁警方采取措施制止暴力行径】多位香港媒体界的资深从业人员，对13日发生在香港机场的暴力殴打事件予以强烈谴责，呼吁警方采取措施制止暴力事件再度发生。  央视网的微博视频  ,无,无,2019-08-16 12:44 ,iPhone客户端,10,1,4
I2tlOkiH0,高嶺之猫,高嶺之猫:“饭圈女孩”还是自己读一下这篇文章再欢欣鼓舞。“对于该如何评价ta们的行为，耿直哥知道一些“资深媒体老师”可能会出于他们的“专业精神”认为这些ta们难登大雅之堂”或是“很low”。可当传统官媒高大上的叙述，常常止步于香港的精英层面时，ta们特有的“战斗力”与“战术”，却可能会在这场与香港那些“冥顽不化”的极端分子的“舆论战”中，发挥奇效。”有事“饭圈女孩战斗力”，无事恶臭饭圈“难登大雅之堂”，被人当枪使还挨人讽刺，真挺惨。 原图 ,无,无,2019-08-16 12:44 ,iPhone 6s,6,0,8
I2tlI7LKF,迷你厨房头条,迷你厨房头条:香港爱国人士购买大量苹果日报丢入水中#香港非法示威集会致979次航班取消##各界谴责香港暴力事件# 关注我  不迷路  迷你厨房头条的微博视频  ,无,无,2019-08-16 12:43 ,微博视频,18,0,11
I2tlk8Tnm,串宝良,串宝良:#宋茜ins#  女神宋茜霸气发声，我爱中国，我爱香港，#香港是中国的香港#  正能量的宋茜童鞋们永远支持你中国一点都不能少了解一下小可爱萌萌哒👏#热搜情感#  热搜情感的微博视频  西安·西工大  显示地图 ,无,#香港是中国的香港#,2019-08-16 12:42 ,HUAWEI P20 Pro,19,0,0
I2tks4hlb,台湾热点视频,台湾热点视频:#5人涉嫌侮辱国旗被香港警方拘捕# 主播李梓萌：守护国旗，就是守护我们的祖国，守护我们共同的信仰，守护我们最亲爱的人！#有种骄傲叫中国红#   央视新闻的微博视频  ,无,无,2019-08-16 12:40 ,iPhone 7,27,2,3
I2tkjf8KZ,微博发现,微博发现:【临时禁制令下 #香港国际机场秩序基本恢复#】由于近日连续的非法集会示威导致香港国际机场运作严重受阻、大面积取消航班，香港机场管理局14日取得法庭临时禁制令。只有持将于24小时内离港机票或登机证，以及有效旅游证件的离境旅客，或持有相关证件的机场员工，才可进入客运大楼范围，直至另行通知。 #守护香港# http://t.cn/AiHXtfEu ,无,无,2019-08-16 12:40 ,微博云剪,0,0,0
I2tk7qUjR,义勇军--鬼谷子,义勇军--鬼谷子:《华尔街日报》发表社论《特朗普的港区风险》 燃新闻的秒拍视频  ,无,无,2019-08-16 12:40 ,专业版微博,17,1,2
I2tk23JiP,蜉浮于海,蜉浮于海:#对香港暴力活动绝不容忍##付国豪# 还有比这恶心的么！小偷肯定是坐实了！  原图 ,无,无,2019-08-16 12:39 ,HUAWEI Mate 20 Pro,1,0,0
I2tjw9385,纳兰永劫,纳兰永劫:#5人涉嫌侮辱国旗被香港警方拘捕#再刷刷这个视频，爽哥威武我想说这个人真的去联合国闹了吗勇气可嘉 纳兰永劫的微博视频  ,无,无,2019-08-16 12:38,无,92,4,40
I2tj6bMQo,罗志渊,罗志渊:#驻英大使记者会播香港局势短片#让大家看一看在西方媒体看不到的画面，听一听在西方媒体听不到的声音。环球时报的秒拍视频  ,无,无,2019-08-16 12:37 ,渊品天下超话,62,10,9
I2tj5xRk5,ChuckWoods,"ChuckWoods:燃烧rap！#我为香港警察加油#！内地警察热血说唱 @快手 @香港警察 #支持香港警察##守护香港##反对台独,抵制港独# ChuckWoods的微博视频  ",无,无,2019-08-16 12:37 ,iPhone客户端,6,1,0
I2tj45N7C,义勇军--鬼谷子,义勇军--鬼谷子:中国驻英大使坚定发声：港区是中国的港区 绝不容外国插手  燃新闻的秒拍视频  ,无,无,2019-08-16 12:37 ,专业版微博,66,9,12
I2tiVe48O,木小目1990,木小目1990:#我也支持香港警察##香港永远是中国的一部分# 教育港独废青异常适合@长安十二时辰官微 @雷佳音 成都 木小目1990的微博视频  显示地图 ,无,#香港永远是中国的一部分#,2019-08-16 12:37 ,iPhone客户端,2,1,0
I2tiRoeGo,yu軒子,yu軒子:#香港是中国的香港##南澳大学# HK is part of China🇨🇳🇭🇰 yu軒子的微博视频  ,无,无,2019-08-16 12:36 ,iPhone客户端,139,18,19
I2tiOoVp2,强哥是个兵,强哥是个兵:#中国军人# 车胎怎么爆的？驾驶员回答，嘣一声就爆了，#为人民军队点赞##守护香港# 强哥是个兵的微博视频  ,无,无,2019-08-16 12:36 ,iPhone客户端,7,0,2
I2tio7G7i,余Yu冰橘WAAN,余Yu冰橘WAAN:你不喜欢做中国人，可以离开我们中国人的地方。#守护香港##中国香港# 余Yu冰橘WAAN的微博视频  ,无,无,2019-08-16 12:35 ,Android,4,0,0
I2thVcyNY,香港记录者,香港记录者:被活埋、扔水里、高压水枪喷全身，这就是中国军人！#反暴力护香港##5人涉嫌侮辱国旗被香港警方拘捕# 香港记录者的微博视频  ,无,无,2019-08-16 12:34 ,记录香港用Android,154,4,15
I2thUyRNH,榴莲牛奶的Ta,榴莲牛奶的Ta:带领刚入园的最小的豆豆们 来唱🎤显然他们一脸懵 哈哈哈哈哈国旗国旗真美丽 #香港永远是中国的一部分# 顺带艾特一下@宋茜 根正苗红的小茜 榴莲牛奶的Ta的微博视频  ,无,无,2019-08-16 12:34 ,iPhone客户端,9,0,3
I2tqC8oXD,雷希颖,雷希颖:虽然是标准国骂之一，但现在这个场景下完全不违和在澳洲的热血青年们，加油(ง •̀_•́)ง你们辛苦了，14亿人在背后撑着你们#守卫香港##我们都有一个爱豆名字叫阿中##香港青年出路指南##饭圈女孩# 雷希颖的微博视频  ,无,无,2019-08-16 12:56 ,政和白茶Android,7718,1358,1098
I2tqxq3zh,搞笑视频大奇葩,搞笑视频大奇葩:再来看下这段视频！当年的利比亚、也门、伊拉克和叙利亚反对派…都是美国曾经支持的！#5人涉嫌侮辱国旗被香港警方拘捕##驻英大使记者会播香港局势短片#    搞笑视频大奇葩的微博视频  ,无,无,2019-08-16 12:55 ,微博视频,73,20,1
I2tquaQMs,甘肃秦安万能墙,甘肃秦安万能墙:#5人涉嫌侮辱国旗被香港警方拘捕#如来神掌暴打香港废青， 看的我脸都痛！ 天水 甘肃秦安万能墙的微博视频  显示地图 ,无,#5人涉嫌侮辱国旗被香港警方拘捕#,2019-08-16 12:55 ,万能墙专属iPhone 7(亮黑),160,54,23
I2tqkoWrn,临汾本地资讯,临汾本地资讯:#驻英大使记者会播香港局势短片# 这就相当讽刺了！“港独”头目煽动罢课，他自己飞去美国读书了……网友：他去上耶鲁了，你去蹲大牢！#中国综合新闻# 临汾本地资讯的微博视频  ,无,无,2019-08-16 12:55 ,临汾资讯Android,35,3,1
I2tq6vkpL,宁海检察,宁海检察:#反暴力护香港#【#香港，我们来守护！#】香港，全球最为繁荣安定的城市之一，如今却在一些暴力示威者的破坏下不得安宁。香港警察忍辱负重，恪尽职守，始终守护着香港的安全；香港各行各业普通市民，也以他们自己的方式，默默地守护着这片他们热爱的土地。@新华网 新华网的秒拍视频  ,无,无,2019-08-16 12:54 ,360安全浏览器,3,0,0
I2tq6eGDz,你没必要一个人承担,你没必要一个人承担:#香港是中国的香港##澳洲##香港永远是中国的一部分#澳洲废青：HK stay strong  其他人：c**b   哈哈哈哈笑死了 你没必要一个人承担的微博视频  ,无,无,2019-08-16 12:54 ,Share微博客户端,36,5,0
I2tq5BYXG,李檬萌-,李檬萌-:#中国[超话]##5人涉嫌侮辱国旗被香港警方拘捕# 国外留学生大战港独，多么整齐划一的CNMB[doge]就是这样！！！刚他们！！！守护全世界最好的阿中！ 李檬萌-的微博视频  ,无,无,2019-08-16 12:54 ,中国超话,452,23,73
I2toCkfsv,扎西德勒-天珠收藏,扎西德勒-天珠收藏:#守护香港# 港独议员在记者会上哭戏没有哭出泪水，好尴尬！大家建议她用什么方法可以快速哭出来？大家帮帮她吧！要不然喜剧之王的霞姨不给她拿盒饭了。#中国一点都不能少[超话]#  扎西德勒-天珠收藏的微博视频  ,无,无,2019-08-16 12:51 ,微博视频,57,9,70
I2toximeL,何天恩,何天恩:再来看下这段视频！当年的利比亚、也门、伊拉克和叙利亚反对派…都是美国曾经支持的！#5人涉嫌侮辱国旗被香港警方拘捕##驻英大使记者会播香港局势短片# 微丢的秒拍视频  ,无,无,2019-08-16 12:50 ,微博 weibo.com,200,75,61
I2tox0H4P,邵阳共青团,邵阳共青团:【停止乱港，我哋受够咗！】 罢工，闹事，影响交通……今时今日，香港越来越多市民站出来发声，他们怒斥暴徒是“垃圾中的垃圾”、“如果觉得别的国家好，就移民去别的国家”，“把香港搞这么乱，是‘香港之耻’”！#李嘉诚发声##香港各界支持止暴制乱# 人民网的秒拍视频    ,无,无,2019-08-16 12:50 ,iPhone 6s Plus,141,38,6
I2tg4vF8p,中国新闻网,中国新闻网:【#香港133万人将免交工资税# 香港特区政府出台一系列措施纾民困】#香港特区政府将投191亿港元纾民困#15日，香港特区政府公布，受香港近期一系列暴力示威活动、中美贸易摩擦以及环球经济下行影响，香港经济衰退风险显著上升。特区政府将出台价值191亿港元的“撑企业、保就业、纾民困”措施，包括派发学生津贴、减免政府收费、免除公屋住户一个月租金等。最重要的措施是减免薪俸税等税务宽免百分比，2019年香港133万人将免交工资税。（郑兴）@中新视频 http://t.cn/AiHOq84y ,无,无,2019-08-16 12:30 ,微博 weibo.com,296,131,398
I2tfQjZTm,旅行游记伽,旅行游记伽:醉美风景在高原，来一组贡嘎雪山的延时摄影！这个云海你们喜欢吗？#稻城亚丁##驻英大使记者会播香港局势短片# 旅行游记伽的微博视频  ,无,无,2019-08-16 12:29 ,稻城亚丁Android,8,0,0
I2teXmvk2,杨紫天视,杨紫天视:#反暴力护香港# 乱港分子不小心说了实话…… 杨紫天视的微博视频  ,无,无,2019-08-16 12:27 ,小米8周年旗舰手机,66,2,2
I2teNjR2o,汴文文,汴文文:香港艺人孙耀威表态：“对于香港最近发生的事情，我感到非常痛心。香港回归祖国已超过20年，我对所有伤害香港、伤害中国的言论和行为都非常反对。希望香港早日恢复平静，香港市民可以安居乐业地生活下去！” 7维视角的微博视频  ,无,无,2019-08-16 12:26 ,iPhone客户端,8,0,0
I2teHpnct,醉美YZ,醉美YZ:祖国终将选择那些忠诚于祖国的人，祖国终将记住那些奉献于祖国的人。历史也会告诉我们，汉奸走狗，没有好下场！何君尧议员(看这两段太爽了！)#5人涉嫌侮辱国旗被香港警方拘捕##驻英大使记者会播香港局势短片#  元芳八卦的微博视频  ,无,无,2019-08-16 12:26,无,205,7,12
I2tetv0SJ,吉林乌拉圈,吉林乌拉圈:#宋茜ins#  女神宋茜霸气发声，我爱中国，我爱香港，#香港是中国的香港#  正能量的宋茜童鞋们永远支持你中国一点都不能少了解一下小可爱萌萌哒👏#热搜情感#  吉林乌拉圈的微博视频  ,无,无,2019-08-16 12:26 ,微博云剪,10,0,0
I2tep5TH3,米格战斗飞机联合体,米格战斗飞机联合体:#驻英大使记者会播香港局势短片#看了殴打内地游客的视频后以及现在部分香港人袒护恐怖分子的言论，我觉得香港已经是非常非常非常恐怖的地方了。新闻调查君的微博视频  ,无,无,2019-08-16 12:25,无,34,6,9
I2tdDeuQN,申正焕,申正焕:阿德莱德留学生唱国歌对峙废青#5人涉嫌侮辱国旗被香港警方拘捕# 申正焕的微博视频  ,无,无,2019-08-16 12:24 ,iPhone客户端,417,23,27
I2tmxu2uq,在兰州6年没吃牛肉面的人,在兰州6年没吃牛肉面的人:美国亚马逊近日上传港独敏感产品，中国卖家齐发声，表示不服！怼它！为中国卖家点赞👍#香港是中国的香港# http://t.cn/AiHlGy3j  ,无,无,2019-08-16 12:45 ,iPhone 7,4,0,0
I2tmpdTPn,澳洲事儿,澳洲事儿:澳大利亚南澳大学部分香港学生集会示威，遭大陆学生辱骂。 这就是我说的为什么我不太支持你们去和某些群体正面冲突，年轻人很容易控制不住情绪和尺度。而外媒在这件事上必定是有严重的偏袒，视频里的行为无异于授人口实。 澳洲事儿的微博视频  ,无,无,2019-08-16 12:45 ,澳大利亚超话,176,44,274
I2tlReKp2,抚州黎川发布,抚州黎川发布:#联播重磅评香港透露了什么#【香港媒体人士呼吁警方采取措施制止暴力行径】多位香港媒体界的资深从业人员，对13日发生在香港机场的暴力殴打事件予以强烈谴责，呼吁警方采取措施制止暴力事件再度发生。  央视网的微博视频  ,无,无,2019-08-16 12:44 ,iPhone客户端,10,1,4
I2tlOkiH0,高嶺之猫,高嶺之猫:“饭圈女孩”还是自己读一下这篇文章再欢欣鼓舞。“对于该如何评价ta们的行为，耿直哥知道一些“资深媒体老师”可能会出于他们的“专业精神”认为这些ta们难登大雅之堂”或是“很low”。可当传统官媒高大上的叙述，常常止步于香港的精英层面时，ta们特有的“战斗力”与“战术”，却可能会在这场与香港那些“冥顽不化”的极端分子的“舆论战”中，发挥奇效。”有事“饭圈女孩战斗力”，无事恶臭饭圈“难登大雅之堂”，被人当枪使还挨人讽刺，真挺惨。 原图 ,无,无,2019-08-16 12:44 ,iPhone 6s,6,0,8
I2tlI7LKF,迷你厨房头条,迷你厨房头条:香港爱国人士购买大量苹果日报丢入水中#香港非法示威集会致979次航班取消##各界谴责香港暴力事件# 关注我  不迷路  迷你厨房头条的微博视频  ,无,无,2019-08-16 12:43 ,微博视频,18,0,11
I2tlk8Tnm,串宝良,串宝良:#宋茜ins#  女神宋茜霸气发声，我爱中国，我爱香港，#香港是中国的香港#  正能量的宋茜童鞋们永远支持你中国一点都不能少了解一下小可爱萌萌哒👏#热搜情感#  热搜情感的微博视频  西安·西工大  显示地图 ,无,#香港是中国的香港#,2019-08-16 12:42 ,HUAWEI P20 Pro,19,0,0
I2tks4hlb,台湾热点视频,台湾热点视频:#5人涉嫌侮辱国旗被香港警方拘捕# 主播李梓萌：守护国旗，就是守护我们的祖国，守护我们共同的信仰，守护我们最亲爱的人！#有种骄傲叫中国红#   央视新闻的微博视频  ,无,无,2019-08-16 12:40 ,iPhone 7,27,2,3
I2tkjf8KZ,微博发现,微博发现:【临时禁制令下 #香港国际机场秩序基本恢复#】由于近日连续的非法集会示威导致香港国际机场运作严重受阻、大面积取消航班，香港机场管理局14日取得法庭临时禁制令。只有持将于24小时内离港机票或登机证，以及有效旅游证件的离境旅客，或持有相关证件的机场员工，才可进入客运大楼范围，直至另行通知。 #守护香港# http://t.cn/AiHXtfEu ,无,无,2019-08-16 12:40 ,微博云剪,0,0,0
I2tk7qUjR,义勇军--鬼谷子,义勇军--鬼谷子:《华尔街日报》发表社论《特朗普的港区风险》 燃新闻的秒拍视频  ,无,无,2019-08-16 12:40 ,专业版微博,17,1,2
I2tk23JiP,蜉浮于海,蜉浮于海:#对香港暴力活动绝不容忍##付国豪# 还有比这恶心的么！小偷肯定是坐实了！  原图 ,无,无,2019-08-16 12:39 ,HUAWEI Mate 20 Pro,1,0,0
I2tk23JiP,蜉浮于海,蜉浮于海:#对香港暴力活动绝不容忍##付国豪# 还有比这恶心的么！小偷肯定是坐实了！  原图 ,无,无,2019-08-16 12:39 ,HUAWEI Mate 20 Pro,1,0,0
I2tjw9385,纳兰永劫,纳兰永劫:#5人涉嫌侮辱国旗被香港警方拘捕#再刷刷这个视频，爽哥威武我想说这个人真的去联合国闹了吗勇气可嘉 纳兰永劫的微博视频  ,无,无,2019-08-16 12:38,无,92,4,40
I2tjh5yab,醉美YZ,醉美YZ:中国香港艺人直接回复一句：我是中国人 爱国是王嘉尔的日常，希望大家可以关注一下王嘉尔的音乐作品#守护香港##还香港安宁##守护香港##香港是中国的香港##驻港公署批驳美媒世界警察##驻英大使记者会播香港局势短片#  路上见到风的微博视频  ,无,无,2019-08-16 12:37,无,2775,86,115
I2tj6bMQo,罗志渊,罗志渊:#驻英大使记者会播香港局势短片#让大家看一看在西方媒体看不到的画面，听一听在西方媒体听不到的声音。环球时报的秒拍视频  ,无,无,2019-08-16 12:37 ,渊品天下超话,62,10,9
I2tj5xRk5,ChuckWoods,"ChuckWoods:燃烧rap！#我为香港警察加油#！内地警察热血说唱 @快手 @香港警察 #支持香港警察##守护香港##反对台独,抵制港独# ChuckWoods的微博视频  ",无,无,2019-08-16 12:37 ,iPhone客户端,6,1,0
I2tj45N7C,义勇军--鬼谷子,义勇军--鬼谷子:中国驻英大使坚定发声：港区是中国的港区 绝不容外国插手  燃新闻的秒拍视频  ,无,无,2019-08-16 12:37 ,专业版微博,66,9,12
I2tiVe48O,木小目1990,木小目1990:#我也支持香港警察##香港永远是中国的一部分# 教育港独废青异常适合@长安十二时辰官微 @雷佳音 成都 木小目1990的微博视频  显示地图 ,无,#香港永远是中国的一部分#,2019-08-16 12:37 ,iPhone客户端,2,1,0
I2tiRoeGo,yu軒子,yu軒子:#香港是中国的香港##南澳大学# HK is part of China🇨🇳🇭🇰 yu軒子的微博视频  ,无,无,2019-08-16 12:36 ,iPhone客户端,139,18,19
I2tiOoVp2,强哥是个兵,强哥是个兵:#中国军人# 车胎怎么爆的？驾驶员回答，嘣一声就爆了，#为人民军队点赞##守护香港# 强哥是个兵的微博视频  ,无,无,2019-08-16 12:36 ,iPhone客户端,7,0,2
I2t8E9Xox,雪竹爸爸,雪竹爸爸:段子:🙏黄晓明应该被派去对付港独。港独：我觉得香港是独立的。黄晓明：我不要你觉得，我要我觉得。你听我的，你们不要吵了，就这样，都听我的。 网红新闻天天报的微博视频  ,无,无,2019-08-16 12:11 ,Android,10,2,0
I2t8p6toi,第一播报,第一播报:#天下万象##李嘉诚发声#李嘉诚在出席长江集团周年晚宴前对媒体说 ：1.2019年世界经济很复杂，大家都要小心点。2.香港经济不太好，香港楼价跌也是正常，经济都在低增长。3.香港房地产市场今年或有更大的波动，买来住，但是千万不要买来炒，波动厉害的啦…… 老板联播的秒拍视频  ,无,无,2019-08-16 12:11 ,HUAWEI Mate 10,8,2,11
I2t80yKBP,Myanmar白面书生,Myanmar白面书生:#香港警察#香港警方：执法是警察的天职 守法是市民的责任 Myanmar白面书生的微博视频  ,无,无,2019-08-16 12:10,无,3,0,1
I2t7Ul8cE,1996年的Mary,1996年的Mary:罗大佑《东方之珠》东方之珠 @QQ音乐 小学音乐课老师教我们唱过，以前就觉得很好听。#香港是中国的香港#  ,无,无,2019-08-16 12:09 ,Android,0,0,0
I2t7QfE5V,正安县检察院,正安县检察院:#反暴力护香港#【#香港，我们来守护！#】香港，全球最为繁荣安定的城市之一，如今却在一些暴力示威者的破坏下不得安宁。香港警察忍辱负重，恪尽职守，始终守护着香港的安全；香港各行各业普通市民，也以他们自己的方式，默默地守护着这片他们热爱的土地。@新华网 新华网的秒拍视频  ,无,无,2019-08-16 12:09 ,iPhone客户端,6,2,2
I2t7E4Ua9,旅游新热点,旅游新热点:#5人涉嫌侮辱国旗被香港警方拘捕#侮辱国旗的抓到了！涉嫌扯国旗抛入海中 港警强势出动拘捕5人 旅游新热点的微博视频  ,无,无,2019-08-16 12:09 ,互动互粉Android,42,19,19
I2t7kBTvU,--BETHEL,--BETHEL:🏀嘿宝贝，一起拍篮球吗？今天没流出爱心型的汗ps：锻炼身体 抵制香港废青 中国万岁🇨🇳💪 BETHEL1231的微博视频  ,无,无,2019-08-16 12:08 ,HUAWEI Mate 20 Pro,3,0,0
I2t6UAwa2,氩狐Jactod,氩狐Jactod:#香港永远是中国的一部分# 经典永不过时。 氩狐Jactod的微博视频  ,无,无,2019-08-16 12:07 ,iPhone X,3,0,0
I2t6P1xQR,Hivipered,Hivipered:今天港独废青在澳洲各地旅行反中示威活动，我们自发组织包围了他们，国歌压倒一切邪恶！中国加油！🇨🇳#阿德莱德#  #反暴力救香港大集会# #我们都有一个爱豆名字叫阿中#  Hivipered的微博视频 澳大利亚·阿德莱德  显示地图 ,无,#我们都有一个爱豆名字叫阿中#,2019-08-16 12:07 ,HUAWEI P30 Pro,1321,57,221
I2t6BpJNm,Tea-tia,"Tea-tia:很多香港年轻人都不认为他们是中国人，这一点也不知道谁给他们的优越感。我高中的时候一个香港女的做自我介绍说自己是香港人，然后说香港不属于中国。最后被我骂得跟孙子一样，但是依旧嘴硬╮(￣▽￣"""")╭贼无语。 澳大利亚·珀斯  显示地图 ",无,无,2019-08-16 12:06 ,iPhone X,102,2,59
I2t6xfg3H,小仙女图鉴,小仙女图鉴:#5人涉嫌侮辱国旗被香港警方拘捕# 此时各界公众人物应该站出来，不然香港🇭🇰的经济真的完蛋了。 小仙女图鉴的微博视频  ,无,无,2019-08-16 12:06 ,热搜推荐iPhone 8,6,0,1
I2t6lrazG,东方女股侠,东方女股侠:退休后#李嘉诚发声# 真的不如不发声，尤其是针对这次#香港暴力事件# ，还什么因什么果的，你到底想表达什么呢？刚刚事件发酵初期你怎么不发声？关于部分香港年轻民众之所以成为今日的#香港愤青# ，究其原因你难道心里不清楚吗！刮了香港的民脂民膏转移到欧美国家，而留下今日被掏空的香港便是因，特别是香港市民要明白谁犯的原罪…… http://t.cn/EqqOOGP  原图 ,无,无,2019-08-16 12:06 ,华为P20Pro真皮限量版,0,2,2
I2t5xb5rU,丹东网警巡查执法,丹东网警巡查执法:【#香港各界支持止暴制乱#，一起守护香港】从学生到记者，从企业家到艺人，从政府到市民，甚至外国人，面对暴行，越来越多的人站了出来，向暴力说“不”。狮子山下，同舟共济。守护法治精神，守护所有人珍视的理性与和平。@人民日报人民日报的秒拍视频  ,无,无,2019-08-16 12:04 ,360安全浏览器,7,0,0
I2t5uxBty,申正焕,申正焕:坐标：澳大利亚·阿德莱德，废青来了！#5人涉嫌侮辱国旗被香港警方拘捕# 申正焕的微博视频  ,无,无,2019-08-16 12:03 ,iPhone客户端,135,14,28
I2t5rAOYp,香港记录者,香港记录者:如果你不想做中国人，请你离开中国人的地方！#反暴力护香港##5人涉嫌侮辱国旗被香港警方拘捕# 香港记录者的微博视频  ,无,无,2019-08-16 12:03 ,记录香港用Android,170,6,8
I2t5rfTNw,郑西说事,郑西说事:#驻英大使记者会播香港局势短片#驻英大使刘晓明就香港问题举行发布会，谴责香港发生的暴力事件 Myanmar白面书生的微博视频  ,无,无,2019-08-16 12:03 ,微博云剪,8,2,0
I2t4Kqni1,小仙女图鉴,小仙女图鉴:#香港各界支持止暴制乱#美国亚马逊公开售卖“港独T桖”于是中国网游做了一件事～ 小仙女图鉴的微博视频  ,无,无,2019-08-16 12:02 ,热搜推荐iPhone 8,21,1,10
I2t4JvW8E,Ls神秘的作词人,Ls神秘的作词人:第一批东北人赴香港参加活动，估计香港人听不懂东北大哥的脏话🤬，香港话，估计东北人也听不懂吧，唯一交流方式还是普通话的中文，都是同胞，傻港愤青。#我也支持香港警察##英国老爷爷怒斥香港暴力示威者##14亿人撑香港# 日本·大阪 Ls神秘的作词人的微博视频  显示地图 ,无,#14亿人撑香港#,2019-08-16 12:02 ,iPhone客户端,30,0,0
I2t4zfC91,Myanmar白面书生,Myanmar白面书生:#驻英大使记者会播香港局势短片#驻英大使刘晓明就香港问题举行发布会，谴责香港发生的暴力事件 Myanmar白面书生的微博视频  ,无,无,2019-08-16 12:01,无,2,1,1
I2tcyujne,第一财经日报,第一财经日报:【沽空机构指控澳优夸大奶粉销售收入，股价暴跌20%后停牌】沽空机构杀人鲸资本（Blue Orca Capital）针对香港上市公司澳优乳业，发布长达41页沽空报告，列举澳优的5大问题。1.婴幼儿配方奶粉中国区销售额虚报 52%2.误导中国消费者3.低报人工费用4.在对云养邦香港的所有权上说谎5.与高管秘密控制的分销商进行关联交易澳优股价暴跌20%后停牌，杀人鲸资本给予澳优5.78港元目标价，澳优停牌前报9.73港元，即股价仍有40%下跌空间。 http://t.cn/AiHWrVPO ,无,无,2019-08-16 12:21 ,iPhone客户端,14,2,2
I2tcfeggp,新浪军事,新浪军事:【央视：起底“现代吴三桂”李柱铭 挟洋自重一定会被钉到历史耻辱柱上】香港暴乱分子越发猖狂，西方势力的介入也日趋公开，这种介入离不开一批汉奸配合，李柱铭这个“现代吴三桂”，就是汉奸典型。@小央视频 http://t.cn/AiHlPg0g #5人涉嫌侮辱国旗被香港警方拘捕# #驻英大使记者会播香港局势短片# #我们都有一个爱豆名字叫阿中# ,无,无,2019-08-16 12:20 ,微博 weibo.com,1813,225,128
I2tcb7uZn,Myanmar白面书生,Myanmar白面书生:#5人涉嫌侮辱国旗被香港警方拘捕#香港示威者76次包围或袭击警署 警方迄今共拘748人 Myanmar白面书生的微博视频  ,无,无,2019-08-16 12:20,无,21,0,1
I2tc41ov7,李俊辰__,李俊辰__:中国香港国际机场快闪！！短暂而幸福的视听享受！我爱中国！ 李俊辰__的微博视频  ,无,无,2019-08-16 12:20 ,微博云剪,10,5,1
I2tc3qFbb,勇者回归2208,勇者回归2208:深圳春茧体育馆！离最近的口岸叫深圳湾口岸，大概过去3-5分钟！到香港只用过一座桥！从出发到到达香港10分钟！ 勇者回归2208的微博视频  ,无,无,2019-08-16 12:20,无,24,5,5
I2tc1kI97,路上见到风,路上见到风:爱国无罪，大叔我们挺你#我爱中国# #守护香港# #还香港安宁# 路上见到风的微博视频  ,无,无,2019-08-16 12:20 ,微博视频,10,0,0
I2tbKdXfR,东南快报,东南快报:【#香港一人茶餐厅女老板#：#撑警我200%不后悔#】香港银龙茶餐厅因老板、伙计、厨师等都由一人承担，得名“一人茶餐厅”。6月30日老板李凯瑚开始参加撑警活动，撑警标语贴在墙上。一些示威人士发现，对她骚扰诋毁，餐厅也在美食平台上出现大量负面评价。这家经营了51年的餐厅生意额骤然下降。但李凯瑚却说：“200%不后悔(撑警)。我出来撑的是善良的守护香港的警察，全香港也好，全世界也好，核心价值最重要是和谐，我们要站在自己的良心上做事。”@中新视频 http://t.cn/AiHO1Okx ,无,无,2019-08-16 12:19 ,Android,29,9,3
I2tbJChTx,义勇军--鬼谷子,义勇军--鬼谷子:有些人想在青年的中国人搞颜革 ，你们别做梦了！ 人民日报的秒拍视频  ,无,无,2019-08-16 12:19 ,微博 weibo.com,55,12,5
I2tbsdKre,呦呦旅游网,呦呦旅游网:难怪最近两天废青不敢搞事，原来是香港法律在禁令下还去机场破坏最好判终身监禁 呦呦旅游网的微博视频  ,无,无,2019-08-16 12:18 ,Android客户端,12,0,0
I2tbo3wQQ,你不知道的地球,你不知道的地球:#旅行日记#【旅行】一起去香港探秘航拍香港牛尾洲一起感受大自然的力量 你不知道的地球的微博视频  ,无,无,2019-08-16 12:18 ,微博网页,1,0,0
I2t19knXV,香港记录者,香港记录者:香港人，回归前100多年英国人让你选过港督吗？#反暴力护香港##5人涉嫌侮辱国旗被香港警方拘捕# 香港记录者的微博视频  ,无,无,2019-08-16 11:53 ,记录香港用Android,282,35,13
I2t09yYJ5,等小胡仙下凡尘,等小胡仙下凡尘:#中国[超话]#来看看这段台词，这不就是现在美国对香港所使用的手段？  [组图共4张] 原图 ,无,无,2019-08-16 11:50 ,中国超话,57,7,17
I2t01zlwq,我爱掸东,我爱掸东:为这位大哥打call！！！#驻港公署批驳美媒世界警察##驻英大使记者会播香港局势短片#  逗你玩系列的微博视频  ,无,无,2019-08-16 11:50 ,HUAWEI Mate 20 Pro,178,3,4
I2t012ZgU,新浪军事,新浪军事:【中国驻英大使反问英媒：英国会允许极端分子冲击议会？英国会允许用致命武器袭警？】当地时间周四，中国驻英国大使馆在伦敦召开中外记者会，驻英大使刘晓明在会上严正声明:“香港是中国的香港，香港事务绝不容外国插手”，同时反问英国媒体“英国会允许极端激进分子冲击议会、破坏议会设施而逍遥法外吗？英国会允许用致命武器袭击警察、烧毁警署而不受惩罚吗？英国会允许暴徒打着所谓民主的幌子占领机场、堵塞交通、破坏社会秩序、威胁民众生命财产安全吗？”，戳视频，看看什么叫做掷地有声！(@中国日报 )http://t.cn/AiHpTTue #驻英大使记者会播香港局势短片##5人涉嫌侮辱国旗被香港警方拘捕# #李嘉诚发声# #我们都有一个爱豆名字叫阿中# ,无,无,2019-08-16 11:50 ,微博 weibo.com,9317,1109,469
I2sZap08O,宜昌市优抚医院,宜昌市优抚医院:#湖北警察为香港警察加油# 14亿同胞始终是你们最坚实的后盾！ 我在湖北宜昌，为香港警察同行加油！ 挺警队，惩暴徒，护香港，保安宁！ @中国长安网 @湖北政法 @平安湖北 @平安宜昌 #我也支持香港警察#  宜昌市优抚医院的微博视频  ,无,无,2019-08-16 11:48 ,微博视频,6,5,6
I2sYND0PG,人民力量,人民力量:为什么香港明星没站出来？王晶说出了真相：他们怕香港传媒。王晶又说：作为一个中国人，对这种汉奸我绝不松手！评：赚钱归赚钱，大是大非要拎得清，戳右下支持王晶！  人民力量的微博视频  ,无,无,2019-08-16 11:47 ,微博视频,31,5,0
I2sYrcOzs,·夹心时盏·,·夹心时盏·:#驻英大使记者会播香港局势短片#美国到底有多坏这个视频必看！ 美国民主基金会每年追着乱港分子问：我们可以提供什么帮助？还把中国分为4部分，仅2018年就有650w美元用于支持中国的异见 极端主义分子和分裂主义公然干涉别国内政，扰乱各国秩序，美国简直丧心病狂   叁爱好的微博视频  ,无,无,2019-08-16 11:46 ,⭕️🚀iPhone 6s Plus(土豪金),116,99,18
I2sYljLFb,娱乐噼啪点,娱乐噼啪点:#反暴力护香港##香港市民发起联署声明# 香港福建社团联会荣誉顾问解释何谓“人若犯我，我必自卫” Myanmar白面书生的微博视频  ,无,无,2019-08-16 11:46 ,微博云剪,33,2,1
I2sY7phFj,焦点热搜,焦点热搜:网友投稿:实在看不下去，乘务员正常查票被爆粗，女乘务员发飙 焦点热搜的微博视频  #香港一人茶餐厅女老板#  ,无,无,2019-08-16 11:45 ,微博热点Android,227,29,90
I2sY3hM9S,风平浪静真诚到永远,风平浪静真诚到永远:香港机场高管探望并送上总裁致歉信：对付国豪遭遇万分歉意 风平浪静真诚到永远的微博视频  ,无,无,2019-08-16 11:45 ,华为手机,1,0,0
I2sYljLFb,娱乐噼啪点,娱乐噼啪点:#反暴力护香港##香港市民发起联署声明# 香港福建社团联会荣誉顾问解释何谓“人若犯我，我必自卫” Myanmar白面书生的微博视频  ,无,无,2019-08-16 11:46 ,微博云剪,33,2,1
I2sY7phFj,焦点热搜,焦点热搜:网友投稿:实在看不下去，乘务员正常查票被爆粗，女乘务员发飙 焦点热搜的微博视频  #香港一人茶餐厅女老板#  ,无,无,2019-08-16 11:45 ,微博热点Android,227,29,90
I2sY3hM9S,风平浪静真诚到永远,风平浪静真诚到永远:香港机场高管探望并送上总裁致歉信：对付国豪遭遇万分歉意 风平浪静真诚到永远的微博视频  ,无,无,2019-08-16 11:45 ,华为手机,1,0,0
I2sXFkNxZ,娱乐噼啪点,娱乐噼啪点:#5人涉嫌侮辱国旗被香港警方拘捕#【香港警方已拘捕5名涉嫌机场非法集会的嫌疑人】8月14日，香港警方召开记者会表示，已拘捕5名涉嫌在香港国际机场非法集会的男性嫌疑人，年龄在17~28之间，其中两名嫌疑人涉嫌袭警和藏有攻击性武器。警方向媒体展示了激进示威者实施暴行的录像回放 江苏卫视新闻眼的微博视频  ,无,无,2019-08-16 11:44 ,微博云剪,4,1,0
I2sWFB5Hd,彭俊岳,彭俊岳:“香港市民李嘉诚”首度发声 以爱之义 止息怒愤#李嘉诚发声# 彭俊岳的微博视频  ,无,无,2019-08-16 11:42 ,HUAWEI Mate 9 Pro,3,2,8
I2sWE8unM,鳳凰禮品,鳳凰禮品:@凤凰卫视黃橙子 #鳳凰衛視##清明上河圖3.0數碼藝術香港展# 鳳凰禮品的微博视频  ,无,无,2019-08-16 11:42 ,iPhone客户端,5,0,1
I2sWBqMJr,娥眉一笑最倾城,娥眉一笑最倾城:#宋茜ins#发声：我爱中国，我爱香港，香港是中国的香港！好样的！ 娥眉一笑最倾城的微博视频  ,无,无,2019-08-16 11:42 ,微博网页,9,0,0
I2sWxjAcu,京城最Lovely,京城最Lovely:#5人涉嫌侮辱国旗被香港警方拘捕#香港废青甘当港独走狗，就不能好好反思么？我很想问问李铭柱被一帮追着骂叛国贼，汉奸是什么心情，和平盛世，土都埋到脖子了。 京城最Lovely的微博视频  ,无,无,2019-08-16 11:41 ,微博会员限量版,87,12,2
I2sWbqzFd,归尘于野-,归尘于野-:#5人涉嫌侮辱国旗被香港警方拘捕# 今天在神农架玩，一群伯伯阿姨们在神农顶歌唱，面对祖国的山河自豪之情溢于言表，对比香港的废青们辱国，实在悲哀 归尘于野-的微博视频  ,无,无,2019-08-16 11:41 ,OPPO Reno Z,95,2,0
I2sVWF9YV,长春说事,长春说事:#同城报料[超话]##5人涉嫌侮辱国旗被香港警方拘捕##5人涉嫌侮辱国旗被香港警方拘捕#煽动近三千人瘫痪香港！幕后黑手曝光！他赴美卖港求荣！这么小的年龄，干这些事，真是缺少管教！ 万氏的微博视频  ,无,无,2019-08-16 11:40 ,同城报料超话,15,4,11
I2sVb5ZIh,王立明同学,王立明同学:#中国[超话]# #守护香港# #饭圈女孩爆笑怼香港废青# 感谢@荷倚苼逍客 的图片        一毕业就要有楼！废青你来东北著名城市—鹤岗啊，3万人民币就搞定！就怕打的你拉屎都喊疼！         40岁可以退休，政府养到过世！这更简单！到四十岁，“一瓶”就够了。直接永恒“养老”！          最低工资五万！ 这个也可以！你去吧埃博拉病毒全部搞定！包你月薪50万+        50万的车！港独废青你们需要50万冥币！的车吗，”纸糊“的适合你们！          包办礼金，酒席！这个很难了，就尼玛币的长的跟猴子似的！哪个女人家里会倒贴你们这群越裔狗！！        自由放假，自由犯罪！这个也可以啊！你来大陆都满足你们这群“猴子“！！ 原图 ,无,无,2019-08-16 11:38 ,微博 weibo.com,3,1,2
I2sVb7nva,博山检察,博山检察:【香港警方：已拘捕748人 警署受到76次包围和袭击 】 8月15日香港警方召开记者会，公布最近行动的最新进展。警方表示自6月9日至8月14日，示威者前后共76次包围或袭击警署；共177名警务人员受伤；警方共拘捕748人，当中115人被检控。燃新闻的秒拍视频  燃新闻的秒拍视频  ,无,无,2019-08-16 11:38 ,HUAWEI Mate 9,1,0,0
I2sUT3NKz,雨天決行--,雨天決行--:#中国[超话]# 分享一个小姐妹@世间从未如乐园 制作的关于近期香港的视频 大家请坚定立场 视频也可以发去ins fb 推等平台#我也支持香港警察# 🇨🇳#香港是中国的香港# 雨天決行--的微博视频  ,无,无,2019-08-16 11:37 ,中国超话,69,16,28
I2sULnqoq,兰州公安交警,兰州公安交警:【付国豪出院：幸运没受致命伤，表示依然爱香港】今天中午12:20，环球网记者付国豪出院并接受采访，精神状态不错！他表示依然爱香港。现场还有香港市民前来迎接，并送上鲜花。#付国豪真汉子#！ 这视频的秒拍视频  ,无,无,2019-08-16 11:37 ,微博云剪,3,0,0
I2sUfatpd,军武季,军武季:【在内地发生的辱华行为至少按寻衅滋事罪一律重处，以遏制歪风邪气！】昨天从广州去往香港西九龙的G6507次高铁上，16车厢5D一名废青不配合工作人员检查车票，还喊滚回中国！这个寻衅滋事辱骂中国宣扬仇恨中国的人不该被追查定罪吗？ 中山市一院大脑科主任的微博视频  ,无,无,2019-08-16 11:36 ,阿季专享版Android,1271,247,449
I2sTW05M0,夏雨荷的刀,夏雨荷的刀:沉默的证人(2019)[星星][星星][星星][星星][星星]，刚看了十点的场，紧张刺激中又带着点幽默，任贤齐和张家辉都是很喜欢的香港演员，这次还有杨紫的出演，我看到了不一样的杨紫，太飒了，喜欢 大同  显示地图 [组图共6张] 原图 ,无,无,2019-08-16 11:35 ,荣耀10青春版,206,2,27
I2sTuaZJG,思密达的团团饭,思密达的团团饭:香港废青攻击【#王嘉尔#】！【央视】点名支持他！ 思密达的团团饭的微博视频  ,无,无,2019-08-16 11:34 ,微博网页,30,0,0
I2sT6zgfL,中小企业主联谊会,中小企业主联谊会:#驻英大使记者会播香港局势短片#李光耀谈英国去殖民化的过程搞出印巴分治斯里兰卡民主化并谈到了美国向世界推广的民主自由 元芳八卦的微博视频  ,无,无,2019-08-16 11:33 ,iPhone X,79,61,10
I2sSZrBuD,小熊饼JX,小熊饼JX:#香港是中国的香港# 小熊饼JX的微博视频  ,无,无,2019-08-16 11:33 ,无敌小斧头Android,1,1,0
I2sSVkrha,港剧聚集地,港剧聚集地:#用滤镜看恐怖片#香港经典恐怖片《山村老尸》这是多少人的童年阴影啊﻿😨﻿别怕有讲解护体！#假如世界忘了披头士#  4分钟看《山村老尸》  ,无,无,2019-08-16 11:33 ,YOUKU精选视频,3,2,2
I2t4zfC91,Myanmar白面书生,Myanmar白面书生:#驻英大使记者会播香港局势短片#驻英大使刘晓明就香港问题举行发布会，谴责香港发生的暴力事件 Myanmar白面书生的微博视频  ,无,无,2019-08-16 12:01,无,2,1,1
I2t43ytQz,上海科技君,上海科技君:#驻英大使记者会播香港局势短片#老外怒怼示威者，香港属于中国🇨🇳 上海科技君的微博视频  ,无,无,2019-08-16 12:00 ,iPhone X,130,6,3
I2t40kNDk,香港有间道,香港有间道:#聊聊电影# 香港枪战电影：胡慧中，吴镇宇，高雄和西协美智子主演，精彩激烈。 香港有间道的微博视频  ,无,无,2019-08-16 12:00 ,微博网页,1,0,0
I2t3Up6ig,贵港网警巡查执法,贵港网警巡查执法:#贵小巡热点榜#【15日 |两位大陆老哥被废青围堵拦截，没想到被两位大哥反杠；面对消防安全，可不要慌；警惕电信和“校园贷”诈骗……】1、#香港市民发起联署声明#【我们是中国人🇨🇳】两位大陆老哥被废青围堵拦截，本来废青还想欺负一下，没想到被两位大哥反杠！详情请戳👉👉http://t.cn/AiHW1EbG2、【#开学前的恐慌症# 面对消防安全，可不要慌！】详情请戳👉👉http://t.cn/AiHW1E4n3、【警惕电信和“校园贷”诈骗】详情请戳👉👉http://t.cn/AiHW1Eb54、闹事时狂骂警察，被捕后立刻怂得痛哭，说家里还有母亲需要照顾…嗯，给你发个最佳女猪脚！详情请戳👉👉http://t.cn/AiHW1EbA5、民警说唱《撑港警》全网首发。详情请戳👉👉http://t.cn/AiHW1EGi6、#网约车爆燃致一死一伤# 【如何预防自燃及车辆自燃后的自救知识】详情请戳👉👉http://t.cn/AiHW1E4p7、【香港受够了！#香港市民发起联署声明提五大诉求#】详情请戳👉👉http://t.cn/AiHW1E4k8、【#各界谴责香港暴力事件#：香港已经走到重要关头，希望尽快止暴制乱！】详情请戳👉👉http://t.cn/AiHW1E4E ,无,无,2019-08-16 12:00 ,微博 weibo.com,5,3,0
I2t3U7t9a,株洲荷塘公安,株洲荷塘公安:#荷警播报# 超燃！基层干警创作说唱《撑港警》，他们想让香港同行知道：“我们挺你！” #香港机场恢复正常运作##香港机场给付国豪的致歉信#共青团中央的秒拍视频   ,无,无,2019-08-16 12:00 ,微博 weibo.com,7,4,1
I2t3U7t71,中国经营报,中国经营报:【敏感时刻，“港独”头目、反对派“狗头军师”获得保释了】#戴耀廷#，香港大学副教授，“占中三丑”之一，曾窜访台湾悍然叫嚣“ 港独”。因香港“占中”案被判囚16个月，在石壁监狱服刑。8月15日，上诉庭批准其保释。披着学者外衣“播独”的戴耀廷是乱港势力“狗头军师”， 他的动向需紧盯。 戳↓↓ http://t.cn/AiH0TCsg ,无,无,2019-08-16 12:00 ,微博 weibo.com,31,22,40
I2t3S6xKS,台湾热点视频,台湾热点视频:丢人！香港非法示威者霸占地铁 却嫌热大喊：开冷气！ 微丢的秒拍视频  ,无,无,2019-08-16 11:59 ,iPhone 7,28,9,34
I2t3239vA,丹琪_,丹琪_:#香港是中国的香港#𝙃𝙤𝙣𝙜 𝙆𝙤𝙣𝙜 𝙞𝙨 𝙥𝙖𝙧𝙩 𝙤𝙛 𝘾𝙝𝙞𝙣𝙖 𝙛𝙤𝙧𝙚𝙫𝙚𝙧🇨🇳 丹琪_的微博视频  ,无,无,2019-08-16 11:57 ,iPhone客户端,3,0,1
I2t2IgDYu,一只名叫宴知的居居,一只名叫宴知的居居:#香港是中国的香港##我们都有一个爱豆名字叫阿中# 🇨🇳 🇨🇳 🇨🇳    {\__/}     ( • . •)     />🇭🇰想要这个吗？    {\__/}      ( • - •)      🇭🇰< \ 这是我们中国的    🇨🇳🇨🇳🇨🇳 阿中勇敢飞 我们永相随！！  ,无,无,2019-08-16 11:57 ,前后2000万 OPPO R11,7,0,1
I2sShoLPs,出处挖掘机,出处挖掘机:纪录片《中英联合声明》揭秘香港回归始末  内涵污力蜀黍的微博视频  ,无,无,2019-08-16 11:31 ,小米MIX2S 全面屏,14,12,2
I2sS2lfHZ,CGTN,"CGTN:【#一个香港市民李嘉诚#买断香港报纸头版，明确表态反对暴力】Hong Kong business magnate Li Ka-shing bought front pages of Hong Kong-based Chinese language newspapers today, including Wen Wei Po and Ta Kung Pao, calling for love for the country and condemning violence during recent protests in the city. The name left on the page was “a Hong Kong citizen Li Ka-shing”.  #李嘉诚发声# 原图 ",无,无,2019-08-16 11:30 ,微博 weibo.com,116,34,70
I2sS0jnUD,姚嘉儿V,姚嘉儿V:#5人涉嫌侮辱国旗被香港警方拘捕#【香港警方已拘捕5名涉嫌机场非法集会的嫌疑人】8月14日，香港警方召开记者会表示，已拘捕5名涉嫌在香港国际机场非法集会的男性嫌疑人，年龄在17~28之间，其中两名嫌疑人涉嫌袭警和藏有攻击性武器。警方向媒体展示了激进示威者实施暴行的录像回放 江苏卫视新闻眼的微博视频  ,无,无,2019-08-16 11:30 ,微博云剪,9,1,1
I2sRJ9gd4,最新热点,最新热点:从内地来的香港新移民:大陆游客带动了香港经济，如果他们不来，香港靠什么呢？ 最新热点的微博视频  ,无,无,2019-08-16 11:30 ,微博 weibo.com,6,1,3
I2sRIwsVU,温江共青团,温江共青团:#我们都有一个爱豆名字叫阿中# 【“我是中国人，我骄傲！】”香港青少年与驻港官兵齐声《歌唱祖国》🇨🇳🇨🇳网友：感动！泪目！#煽动罢课的港独头子开学了#凌晨两点去背书的微博视频  ,无,无,2019-08-16 11:30 ,微博 weibo.com,43,3,3
I2sRHEdYe,人民随笔,人民随笔:#5人涉嫌侮辱国旗被香港警方拘捕##5人涉嫌侮辱国旗被香港警方拘捕#煽动近三千人瘫痪香港！幕后黑手曝光！他赴美卖港求荣！这么小的年龄，干这些事，真是缺少管教！ 万氏的微博视频  ,无,无,2019-08-16 11:30,无,73,12,41
I2sRho0x8,糗事小酱,糗事小酱:真是苦口婆心了#5人涉嫌侮辱国旗被香港警方拘捕##香港机场给付国豪的致歉信# 糗事小酱的微博视频  ,无,无,2019-08-16 11:28 ,每日糗事超话,91,28,26
I2sR8wpsc,京城最Lovely,京城最Lovely:#李嘉诚发声#这辈子最佩服周星驰，那时候香港都没回归，敢说这话也只有星爷了，看不起自己国家就是看不起自己。 京城最Lovely的微博视频  ,无,无,2019-08-16 11:28 ,微博会员限量版,52,4,4
I2sQl9w1L,江苏警官学院,江苏警官学院:#我也支持香港警察# 岂曰无衣，与子同袍！我们在江苏警官学院，我们为香港警察加油！14亿同胞，是东方之珠的坚强后盾。自古邪不压正，你们从来都不是孤军奋战！[加油]#香港警察我们挺你# 江苏警官学院的微博视频  ,无,无,2019-08-16 11:26 ,HUAWEI Mate 9,78,12,4
I2sY7phFj,焦点热搜,焦点热搜:网友投稿:实在看不下去，乘务员正常查票被爆粗，女乘务员发飙 焦点热搜的微博视频  #香港一人茶餐厅女老板#  ,无,无,2019-08-16 11:45 ,微博热点Android,227,29,90
I2sY3hM9S,风平浪静真诚到永远,风平浪静真诚到永远:香港机场高管探望并送上总裁致歉信：对付国豪遭遇万分歉意 风平浪静真诚到永远的微博视频  ,无,无,2019-08-16 11:45 ,华为手机,1,0,0
I2sXFkNxZ,娱乐噼啪点,娱乐噼啪点:#5人涉嫌侮辱国旗被香港警方拘捕#【香港警方已拘捕5名涉嫌机场非法集会的嫌疑人】8月14日，香港警方召开记者会表示，已拘捕5名涉嫌在香港国际机场非法集会的男性嫌疑人，年龄在17~28之间，其中两名嫌疑人涉嫌袭警和藏有攻击性武器。警方向媒体展示了激进示威者实施暴行的录像回放 江苏卫视新闻眼的微博视频  ,无,无,2019-08-16 11:44 ,微博云剪,4,1,0
I2sWFB5Hd,彭俊岳,彭俊岳:“香港市民李嘉诚”首度发声 以爱之义 止息怒愤#李嘉诚发声# 彭俊岳的微博视频  ,无,无,2019-08-16 11:42 ,HUAWEI Mate 9 Pro,3,2,8
I2sWE8unM,鳳凰禮品,鳳凰禮品:@凤凰卫视黃橙子 #鳳凰衛視##清明上河圖3.0數碼藝術香港展# 鳳凰禮品的微博视频  ,无,无,2019-08-16 11:42 ,iPhone客户端,5,0,1
I2sWBqMJr,娥眉一笑最倾城,娥眉一笑最倾城:#宋茜ins#发声：我爱中国，我爱香港，香港是中国的香港！好样的！ 娥眉一笑最倾城的微博视频  ,无,无,2019-08-16 11:42 ,微博网页,9,0,0
I2sWxjAcu,京城最Lovely,京城最Lovely:#5人涉嫌侮辱国旗被香港警方拘捕#香港废青甘当港独走狗，就不能好好反思么？我很想问问李铭柱被一帮追着骂叛国贼，汉奸是什么心情，和平盛世，土都埋到脖子了。 京城最Lovely的微博视频  ,无,无,2019-08-16 11:41 ,微博会员限量版,87,12,2
I2sWbqzFd,归尘于野-,归尘于野-:#5人涉嫌侮辱国旗被香港警方拘捕# 今天在神农架玩，一群伯伯阿姨们在神农顶歌唱，面对祖国的山河自豪之情溢于言表，对比香港的废青们辱国，实在悲哀 归尘于野-的微博视频  ,无,无,2019-08-16 11:41 ,OPPO Reno Z,95,2,0
I2sVWF9YV,长春说事,长春说事:#同城报料[超话]##5人涉嫌侮辱国旗被香港警方拘捕##5人涉嫌侮辱国旗被香港警方拘捕#煽动近三千人瘫痪香港！幕后黑手曝光！他赴美卖港求荣！这么小的年龄，干这些事，真是缺少管教！ 万氏的微博视频  ,无,无,2019-08-16 11:40 ,同城报料超话,15,4,11
I2sVR3Rll,吐槽夫,吐槽夫:香港国际机场，激进分子围攻老人，罔顾人伦，泯灭人性！#反暴力护香港##香港各界支持止暴制乱# 吐槽夫的微博视频  ,无,无,2019-08-16 11:40 ,Android,127,16,4
I2sNACHiV,开普勒星际,开普勒星际:主权问题不容挑衅，国家尊严不容践踏。这是英国人自己拍的电影。前事不忘，后事之师。可以放这段这片子现场提醒英国人：悍然干涉内政，只能自讨没趣。#驻英大使记者会播香港局势短片##驻港公署批驳美媒世界警察##军事[超话]#开普勒星际的微博视频  ,无,无,2019-08-16 11:19,无,47,5,3
I2sNtxIvz,乐开心了,乐开心了:#5人涉嫌侮辱国旗被香港警方拘捕#守护国旗，有我在！ 林浩滔_健康管理的微博视频  ,无,无,2019-08-16 11:19 ,微博云剪,166,10,2
I2sNg0q3b,乐开心了,乐开心了:真正的警帮说唱来了！！警帮说唱《撑港警》  西安网警@吾人文化_SuperDeep-xXx- ，海南交警@做警官天_Lord贺 ，福建公安@supervan凡叔 ，湖北公安谭鹏@AssholeTan ，贵州狱警@方仔RichJohn 。#5人涉嫌侮辱国旗被香港警方拘捕##李嘉诚发声# 这里才有嘻哈的微博视频  ,无,无,2019-08-16 11:19 ,微博云剪,9,0,0
I2sN9suW1,福州共青团,"福州共青团:#驻英大使记者会播香港局势短片# 强烈谴责美国插手香港事务！香港是中国的香港，不需要你们“重点关照”，不需要“美国式自由”，那些""美丽的风景线""留给你们自己就好！！！#我们都有一个爱豆名字叫阿中# 种下一颗假种子的微博视频  ",无,无,2019-08-16 11:18 ,Android,117,17,12
I2sMObjB4,丽水公安,丽水公安:【抓了，12年的命案逃犯！】#5人涉嫌侮辱国旗被香港警方拘捕# 丽水公安的微博视频  ,无,无,2019-08-16 11:17 ,专业版微博,0,0,0
I2sMIiICX,乐开心了,乐开心了:#驻英大使记者会播香港局势短片#经历过英殖时代的香港人对废青的一番肺腑之言！...正因为他们经历过，所以才更明白祖国的好！ #5人涉嫌侮辱国旗被香港警方拘捕# 逗你玩系列的微博视频  ,无,无,2019-08-16 11:17 ,微博云剪,18,0,0
I2sMfCG4S,乐开心了,乐开心了:#驻英大使记者会播香港局势短片##香港自6月9日起共748人被捕##5人涉嫌侮辱国旗被香港警方拘捕#  再次感受一下极度舒适的画面：港警捕废青[加油] 新闻调查君的微博视频  ,无,无,2019-08-16 11:16 ,微博云剪,82,5,7
I2sMa2kas,兔牙珊珊DAYTOY,兔牙珊珊DAYTOY:#肖战[超话]# | #香港是中国的香港# 是个细心又爱国的小可爱了！@X玖少年团肖战DAYTOY  原图 ,无,无,2019-08-16 11:16 ,肖战超话,1,0,3
I2sM8eh92,燃新闻,燃新闻:【香港警方：已拘捕748人 警署受到76次包围和袭击 】 8月15日香港警方召开记者会，公布最近行动的最新进展。警方表示自6月9日至8月14日，示威者前后共76次包围或袭击警署；共177名警务人员受伤；警方共拘捕748人，当中115人被检控。燃新闻的秒拍视频  ,无,无,2019-08-16 11:16 ,微博 weibo.com,25,4,8
I2sM0iIPb,军中之魂,军中之魂:#14亿人撑香港# #香港是中国的香港# @深圳公安  深圳600架无人机升空：我爱你香港！我爱你中国！#军中之魂[超话]# #传播正能量，铸就强军梦！#  军中之魂的微博视频  ,无,无,2019-08-16 11:15 ,微博视频,5,0,1
I2sT6zgfL,中小企业主联谊会,中小企业主联谊会:#驻英大使记者会播香港局势短片#李光耀谈英国去殖民化的过程搞出印巴分治斯里兰卡民主化并谈到了美国向世界推广的民主自由 元芳八卦的微博视频  ,无,无,2019-08-16 11:33 ,iPhone X,79,61,10
I2sSZrBuD,小熊饼JX,小熊饼JX:#香港是中国的香港# 小熊饼JX的微博视频  ,无,无,2019-08-16 11:33 ,无敌小斧头Android,1,1,0
I2sSVkrha,港剧聚集地,港剧聚集地:#用滤镜看恐怖片#香港经典恐怖片《山村老尸》这是多少人的童年阴影啊﻿😨﻿别怕有讲解护体！#假如世界忘了披头士#  4分钟看《山村老尸》  ,无,无,2019-08-16 11:33 ,YOUKU精选视频,3,2,2
I2sSUsoOn,未来网,未来网:【港独头目上学去了！还隔空煽动香港人“抗争到底”】近日，港独头目之一罗冠聪发帖称已抵达纽约，将去耶鲁进修。这已经是第4位开学的港独头目，此前梁天琦进了哈佛大学，周永康进了伦敦政治经济学院，黄台仰进了牛津大学。“傻仔去罢课，我先去上课。”#香港止暴制乱##警惕颜色革命#@香港中通社  原图 ,无,无,2019-08-16 11:32 ,微博 weibo.com,20,5,11
I2sSNm9Qt,offer小姐姐,offer小姐姐:给墨大点赞👍据墨大的中国同学们说，大学刚刚举办了香港问题讲座。主讲教授一再强调，Hong Kong  is a part of China！ offer小姐姐的微博视频  ,无,无,2019-08-16 11:32 ,HUAWEI P30,7,0,0
I2sSN5LE8,长沙警事,长沙警事:【#香港参与示威女孩哽咽质问同伙# 为什么要伤及无辜？！】今天，一段BBC的视频受到关注：一位18岁女孩想从香港国际机场飞回英国，却遭非法集会人员阻拦。一名女性示威者哽咽着质问同伙：她现在只身一人在这里，她只有18岁，为何不能放行？为什么我们要令她回不了家？为什么要让不相干的人受苦？视频↓↓#将香港暴徒绳之于法##反暴力护香港#http://t.cn/AiHoHrz5 ,无,无,2019-08-16 11:32 ,360安全浏览器,19,1,6
I2sSN3dhu,Myanmar白面书生,Myanmar白面书生:#香港机场恢复正常运作#香港机管局：航班恢复正常运作 Myanmar白面书生的微博视频  ,无,无,2019-08-16 11:32,无,42,0,4
I2sSEuBHU,疯狂大象,疯狂大象:【什么是赤裸裸的双标？看看欧美国家是怎样对待暴力示威者的】近期，针对香港发生的暴力事件，一些欧美国家双重标准，指责香港特区政府和警方暴力执法。一起来看看，同样的事情发生在他们的国家，政府和警方是如何处理的。 疯狂大象的微博视频  ,无,无,2019-08-16 11:32 ,iPhone客户端,8,5,1
I2sSwtmoz,文明成都,文明成都:#我们都有一个爱豆名字叫阿中# #张艺兴[超话]# @努力努力再努力x 携手奥运冠军演唱《红旗飘飘》[心]，油然而生的自豪感  #5人涉嫌侮辱国旗被香港警方拘捕# CCTV微视的微博视频  ,无,无,2019-08-16 11:32 ,微博 weibo.com,79,14,10
I2sShoLPs,出处挖掘机,出处挖掘机:纪录片《中英联合声明》揭秘香港回归始末  内涵污力蜀黍的微博视频  ,无,无,2019-08-16 11:31 ,小米MIX2S 全面屏,14,12,2
I2sHEsEBu,奈奈的落落,奈奈的落落:转自pyq！pride of my unimelb！Hong Kong is a part of China! #香港是中国的香港##香港永远是中国的一部分# 奈奈的落落的微博视频  ,无,无,2019-08-16 11:05 ,iPhone客户端,1,0,0
I2sHuqH8q,新浪军事,新浪军事:【#香港一人茶餐厅女老板#：#撑警我200%不后悔#】香港银龙茶餐厅因老板、伙计、厨师等都由一人承担，得名“一人茶餐厅”。6月30日老板李凯瑚开始参加撑警活动，撑警标语贴在墙上。一些示威人士发现，对她骚扰诋毁，餐厅也在美食平台上出现大量负面评价。这家经营了51年的餐厅生意额骤然下降。但李凯瑚却说：“200%不后悔(撑警)。我出来撑的是善良的守护香港的警察，全香港也好，全世界也好，核心价值最重要是和谐，我们要站在自己的良心上做事。”http://t.cn/AiHO1Okx @中新视频 #5人涉嫌侮辱国旗被香港警方拘捕# #我们都有一个爱豆名字叫阿中# #驻英大使记者会播香港局势短片# ,无,无,2019-08-16 11:04 ,微博 weibo.com,14430,1321,1236
I2sGx2Epy,幸福临潼,幸福临潼:#驻英大使记者会播香港局势短片##香港自6月9日起共748人被捕##5人涉嫌侮辱国旗被香港警方拘捕#再次感受一下极度舒适的画面：港警捕废青[加油] 新闻调查君的微博视频  ,无,无,2019-08-16 11:02 ,临潼君iPhone客户端,34,1,3
I2sG7BK1C,燃新闻,燃新闻:【被打时曾录下遗言！付国豪采访还原当时现场 说出的细节令人泪目】8月13日晚，环球时报记者付国豪在香港机场，遭到暴徒非法拘禁、殴打，手段极其残忍，对此付国豪在近日接受央视专访表示，自己当时认为可能会被打死，随手抓到了根录音笔录下了遗言。燃新闻的秒拍视频  ,无,无,2019-08-16 11:01 ,360安全浏览器,41,7,1
I2sG3bAf5,9527小科,9527小科:黑衣人代表說  如果解放軍落來香港  未免犧牲他們會即刻回家睡覺  “乌合之众 可笑之极” 9527小科的微博视频  ,无,无,2019-08-16 11:01 ,Nokia 6 反正都可靠,1,2,4
I2sFU2nda,超级锦鲤,超级锦鲤:#5人涉嫌侮辱国旗被香港警方拘捕# 据香港媒体报道，香港警方已经通过调查拘捕了涉嫌串谋在本月3日尖沙咀海港城外侮辱国旗的4男1女，共5名犯罪嫌疑人。这些人是对中国和全中国14亿人的公然挑衅和侮辱！希望不得保释，打跪在旗杆下让大家用唾沫淹死他们。 兰州  显示地图 [组图共3张] 原图 ,无,#5人涉嫌侮辱国旗被香港警方拘捕#,2019-08-16 11:00 ,一条锦鲤,74,9,30
I2sFybPXr,保山新闻网,保山新闻网:#保山资讯# #我们都有一个爱豆名字叫阿中# 【岂曰无衣，与子同袍！香港警察，我们挺你！】香港发生的一切无时无刻不在牵动着我们的心。在祖国的西南边陲，在一个名叫保山的地方，许多政法干警挺身而出，声援那些奋战在香港一线的同胞！#14亿人撑香港# 保山政法的微博视频  ,无,无,2019-08-16 11:00 ,微博 weibo.com,16,1,0
I2sFxAbW7,检察日报,检察日报:#反暴力护香港#【#香港，我们来守护！#】香港，全球最为繁荣安定的城市之一，如今却在一些暴力示威者的破坏下不得安宁。香港警察忍辱负重，恪尽职守，始终守护着香港的安全；香港各行各业普通市民，也以他们自己的方式，默默地守护着这片他们热爱的土地。@新华网 新华网的秒拍视频  ,无,无,2019-08-16 11:00 ,微博 weibo.com,1322,243,112
I2sP9kg9L,乐开心了,乐开心了:#李嘉诚发声#声明似乎大家觉得模糊深奥…那么李嘉诚如何理解“无奸不商”得呢#反暴力护香港# 精神病院_刘院长吖的微博视频  ,无,无,2019-08-16 11:23 ,微博云剪,19,2,6
I2sOTkmws,吐槽夫,吐槽夫:乱港分子一不小心说了实话。自寻亮点，欢迎吐槽~ #驻港公署批驳美媒世界警察##香港各界支持止暴制乱# 吐槽夫的微博视频  ,无,无,2019-08-16 11:23 ,Android,74,9,2
I2sOxb3dD,乐开心了,乐开心了:付国豪：不希望因为我被打，大家就去恨香港！大格局，需要这样的有为青年，为你点赞！#香港机场给付国豪的致歉信##反暴力护香港# 华子敬言的微博视频  ,无,无,2019-08-16 11:22 ,微博云剪,151,5,5
I2sOwBtuU,英树雨歆,英树雨歆:#5人涉嫌侮辱国旗被香港警方拘捕#不管任何时候，我们都能掷地有声：香港是中国的香港，香港事务绝不容外国插手。#驻英大使记者会播香港局势短片# 英树雨歆的微博视频  ,无,无,2019-08-16 11:22 ,三星Galaxy S9,19,1,1
I2sOnaxKP,乐开心了,乐开心了:#我们都有一个爱豆名字叫阿中##反暴力护香港# 这位女支持说得好：“台独”都是怂货，晚上偷偷缝五星红旗……哈哈哈，其实港独又何尝不是？ http://t.cn/AiHpkePQ  ,无,无,2019-08-16 11:21 ,微博云剪,176,14,11
I2sNKrCvN,北京政法,北京政法:#人间温暖#【按下回放键，两倍速回看北京警察的夏天！】东边日出西边雨，道是无晴却有晴…8月的北京天气捉摸不定，在这“阴阳不定”的天气里有这样一群人，他们在烈日下为你遮阳，也在风雨中为你撑伞。一起来看，北京警察在这个夏天“任性”的身影！#我为香港警察加油# @平安北京  [组图共9张] 原图 ,无,无,2019-08-16 11:20 ,政务直通车,4,1,0
I2sNACHiV,开普勒星际,开普勒星际:主权问题不容挑衅，国家尊严不容践踏。这是英国人自己拍的电影。前事不忘，后事之师。可以放这段这片子现场提醒英国人：悍然干涉内政，只能自讨没趣。#驻英大使记者会播香港局势短片##驻港公署批驳美媒世界警察##军事[超话]#开普勒星际的微博视频  ,无,无,2019-08-16 11:19,无,47,5,3
I2sNtxIvz,乐开心了,乐开心了:#5人涉嫌侮辱国旗被香港警方拘捕#守护国旗，有我在！ 林浩滔_健康管理的微博视频  ,无,无,2019-08-16 11:19 ,微博云剪,166,10,2
I2sNg0q3b,乐开心了,乐开心了:真正的警帮说唱来了！！警帮说唱《撑港警》  西安网警@吾人文化_SuperDeep-xXx- ，海南交警@做警官天_Lord贺 ，福建公安@supervan凡叔 ，湖北公安谭鹏@AssholeTan ，贵州狱警@方仔RichJohn 。#5人涉嫌侮辱国旗被香港警方拘捕##李嘉诚发声# 这里才有嘻哈的微博视频  ,无,无,2019-08-16 11:19 ,微博云剪,9,0,0
I2sN9suW1,福州共青团,"福州共青团:#驻英大使记者会播香港局势短片# 强烈谴责美国插手香港事务！香港是中国的香港，不需要你们“重点关照”，不需要“美国式自由”，那些""美丽的风景线""留给你们自己就好！！！#我们都有一个爱豆名字叫阿中# 种下一颗假种子的微博视频  ",无,无,2019-08-16 11:18 ,Android,117,17,12
I2sMObjB4,丽水公安,丽水公安:【抓了，12年的命案逃犯！】#5人涉嫌侮辱国旗被香港警方拘捕# 丽水公安的微博视频  ,无,无,2019-08-16 11:17 ,专业版微博,0,0,0
I2sMIiICX,乐开心了,乐开心了:#驻英大使记者会播香港局势短片#经历过英殖时代的香港人对废青的一番肺腑之言！...正因为他们经历过，所以才更明白祖国的好！ #5人涉嫌侮辱国旗被香港警方拘捕# 逗你玩系列的微博视频  ,无,无,2019-08-16 11:17 ,微博云剪,18,0,0
I2sMfCG4S,乐开心了,乐开心了:#驻英大使记者会播香港局势短片##香港自6月9日起共748人被捕##5人涉嫌侮辱国旗被香港警方拘捕#  再次感受一下极度舒适的画面：港警捕废青[加油] 新闻调查君的微博视频  ,无,无,2019-08-16 11:16 ,微博云剪,82,5,7
I2sMa2kas,兔牙珊珊DAYTOY,兔牙珊珊DAYTOY:#肖战[超话]# | #香港是中国的香港# 是个细心又爱国的小可爱了！@X玖少年团肖战DAYTOY  原图 ,无,无,2019-08-16 11:16 ,肖战超话,1,0,3
I2sM8eh92,燃新闻,燃新闻:【香港警方：已拘捕748人 警署受到76次包围和袭击 】 8月15日香港警方召开记者会，公布最近行动的最新进展。警方表示自6月9日至8月14日，示威者前后共76次包围或袭击警署；共177名警务人员受伤；警方共拘捕748人，当中115人被检控。燃新闻的秒拍视频  ,无,无,2019-08-16 11:16 ,微博 weibo.com,25,4,8
I2sM0iIPb,军中之魂,军中之魂:#14亿人撑香港# #香港是中国的香港# @深圳公安  深圳600架无人机升空：我爱你香港！我爱你中国！#军中之魂[超话]# #传播正能量，铸就强军梦！#  军中之魂的微博视频  ,无,无,2019-08-16 11:15 ,微博视频,5,0,1
I2sLKkZfc,阿郎的美食说,阿郎的美食说:#美食##试吃# 试吃450块一斤香港四大鱼王之首老鼠斑，这鱼看着不太敢吃的样子。 阿郎的美食说的微博视频  ,无,无,2019-08-16 11:15 ,微博网页,2,0,0
I2sLIvpZi,鹊鸦,鹊鸦:#李嘉诚发声#“一个香港市民李嘉诚”  [组图共6张] 原图 ,无,无,2019-08-16 11:15,无,1,0,0
I2sLGranO,组织二号头目,组织二号头目:今天一个香港小伙伴在北京出差，我问他怎么看待香港的事。这个兄弟跟我认识十来年了，他说实事求是地讲，香港资本家剥削他们几十年，贫富差距越来越大，这事尽管很失落，不过勉强能忍，在香港，妒忌有钱人是很丢份的一件事。但是最受不了的是大陆的人追上来了，这特么太难以接受了，大陆人配有钱？买不起香港的房勉强能忍，买不起大陆的房简直匪夷所思，在很多香港人的眼里，大陆人是老家穷亲戚，只值得他们同情，怎么能比他们有钱呢。 ,无,无,2019-08-16 11:15 ,iPhone 7 Plus,3101,1421,472
